Strategy,Coverage,R_value,Size
DV,1,1,1,
DV,1,1,1,
DV,1,1,1,
DV,1,1,1,
DV,1,1,1,
DV,1,1,1,
DV,1,1,2,
DV,1,1,3,
DV,1,1,1,
DV,1,1,1,
DV,1,1,1,
DV,1,1,1,
DV,1,1,1,
DV,1,1,10,
DV,1,1,59,
DV,1,1,280,
DV,1,1,2,
DV,1,1,1,
DV,1,1,2,
DV,1,1,1,
DV,1,1,8,
DV,1,1,1,
DV,1,1,136,
DV,1,1,1,
DV,1,1,1,
DV,1,1,5,
DV,1,1,1,
DV,1,1,1,
DV,1,1,2,
DV,1,1,1,
DV,1,1,8,
DV,1,1,1,
DV,1,1,1,
DV,1,1,1,
DV,1,1,1,
DV,1,1,1,
DV,1,1,22,
DV,1,1,1,
DV,1,1,1,
DV,1,1,1,
DV,1,1,1,
DV,1,1,1,
DV,1,1,7,
DV,1,1,1,
DV,1,1,1,
DV,1,1,3,
DV,1,1,1,
DV,1,1,1,
DV,1,1,1,
DV,1,1,8,
DV,1,1,3,
DV,1,1,19,
DV,1,1,13,
DV,1,1,1,
DV,1,1,1,
DV,1,1,1,
DV,1,1,1,
DV,1,1,1,
DV,1,1,1,
DV,1,1,9,
DV,1,1,1,
DV,1,1,4,
DV,1,1,13,
DV,1,1,3,
DV,1,1,1,
DV,1,1,1,
DV,1,1,2,
DV,1,1,1,
DV,1,1,1,
DV,1,1,1,
DV,1,1,1,
DV,1,1,5,
DV,1,1,1,
DV,1,1,1,
DV,1,1,1,
DV,1,1,1,
DV,1,1,1,
DV,1,1,1,
DV,1,1,2,
DV,1,1,13,
DV,1,1,2,
DV,1,1,1,
DV,1,1,6,
DV,1,1,4,
DV,1,1,1,
DV,1,1,9,
DV,1,1,1,
DV,1,1,1,
DV,1,1,1,
DV,1,1,1,
DV,1,1,2,
DV,1,1,1,
DV,1,1,2,
DV,1,1,4,
DV,1,1,1,
DV,1,1,4,
DV,1,1,9,
DV,1,1,1,
DV,1,1,1,
DV,1,1,6,
DV,1,1,8,
DV,1,1,1,
DV,1,1,88,
DV,1,1,8,
DV,1,1,3,
DV,1,1,2,
DV,1,1,1,
DV,1,1,2,
DV,1,1,43,
DV,1,1,1,
DV,1,1,1,
DV,1,1,1,
DV,1,1,1,
DV,1,1,1,
DV,1,1,55,
DV,1,1,1,
DV,1,1,1,
DV,1,1,2,
DV,1,1,21,
DV,1,1,2,
DV,1,1,1,
DV,1,1,15,
DV,1,1,1,
DV,1,1,1,
DV,1,1,1,
DV,1,1,1,
DV,1,1,1,
DV,1,1,15,
DV,1,1,1,
DV,1,1,1,
DV,1,1,1,
DV,1,1,1,
DV,1,1,1,
DV,1,1,10,
DV,1,1,1,
DV,1,1,2,
DV,1,1,1,
DV,1,1,1,
DV,1,1,16,
DV,1,1,1,
DV,1,1,4,
DV,1,1,1,
DV,1,1,7,
DV,1,1,1,
DV,1,1,1,
DV,1,1,1,
DV,1,1,4,
DV,1,1,1,
DV,1,1,11,
DV,1,1,1,
DV,1,1,96,
DV,1,1,266,
DV,1,1,2,
DV,1,1,1,
DV,1,1,15,
DV,1,1,1,
DV,1,1,1,
DV,1,1,1,
DV,1,1,1,
DV,1,1,13,
DV,1,1,1,
DV,1,1,6,
DV,1,1,1,
DV,1,1,1,
DV,1,1,3,
DV,1,1,89,
DV,1,1,1,
DV,1,1,1,
DV,1,1,1,
DV,1,1,8,
DV,1,1,1,
DV,1,1,1,
DV,1,1,1,
DV,1,1,1,
DV,1,1,7,
DV,1,1,1,
DV,1,1,13,
DV,1,1,1,
DV,1,1,41,
DV,1,1,4,
DV,1,1,1,
DV,1,1,1,
DV,1,1,1,
DV,1,1,1,
DV,1,1,1,
DV,1,1,2,
DV,1,1,1,
DV,1,1,5,
DV,1,1,2,
DV,1,1,1,
DV,1,1,2,
DV,1,1,3,
DV,1,1,1,
DV,1,1,1,
DV,1,1,1,
DV,1,1,1,
DV,1,1,1,
DV,1,1,1,
DV,1,1,1,
DV,1,1,1,
DV,1,1,1,
DV,1,1,1,
DV,1,1,1,
DV,1,1,2,
DV,1,1,1,
DV,1,1,1,
DV,1,1,3,
DV,1,1,1,
DV,1,1,2,
DV,1,1,1,
DV,1,1,2,
DV,1,1,1,
DV,1,1,1,
DV,1,1,2,
DV,1,1,1,
DV,1,1,1,
DV,1,1,1,
DV,1,1,1,
DV,1,1,11,
DV,1,1,1,
DV,1,1,1,
DV,1,1,1,
DV,1,1,1,
DV,1,1,2,
DV,1,1,1,
DV,1,1,1,
DV,1,1,1,
DV,1,1,1,
DV,1,1,1,
DV,1,1,61,
DV,1,1,1,
DV,1,1,1,
DV,1,1,1,
DV,1,1,2,
DV,1,1,1,
DV,1,1,1,
DV,1,1,10,
DV,1,1,1,
DV,1,1,1,
DV,1,1,3,
DV,1,1,1,
DV,1,1,3,
DV,1,1,1,
DV,1,1,3,
DV,1,1,1,
DV,1,1,111,
DV,1,1,78,
DV,1,1,43,
DV,1,1,1,
DV,1,1,1,
DV,1,1,2,
DV,1,1,1,
DV,1,1,1,
DV,1,1,27,
DV,1,1,2,
DV,1,1,1,
DV,1,1,2,
DV,1,1,11,
DV,1,1,1,
DV,1,1,1,
DV,1,1,2,
DV,1,1,12,
DV,1,1,2,
DV,1,1,1,
DV,1,1,1,
DV,1,1,3,
DV,1,1,1,
DV,1,1,2,
DV,1,1,2,
DV,1,1,1,
DV,1,1,1,
DV,1,1,1,
DV,1,1,1,
DV,1,1,8,
DV,1,1,1,
DV,1,1,2,
DV,1,1,1,
DV,1,1,68,
DV,1,1,4,
DV,1,1,6,
DV,1,1,1,
DV,1,1,1,
DV,1,1,36,
DV,1,1,1,
DV,1,1,1,
DV,1,1,1,
DV,1,1,3,
DV,1,1,7,
DV,1,1,1,
DV,1,1,2,
DV,1,1,1,
DV,1,1,2,
DV,1,1,18,
DV,1,1,2,
DV,1,1,1,
DV,1,1,10,
DV,1,1,2,
DV,1,1,27,
DV,1,1,1,
DV,1,1,1,
DV,1,1,1,
DV,1,1,1,
DV,1,1,3,
DV,1,1,28,
DV,1,1,1,
DV,1,1,2,
DV,1,1,1,
DV,1,1,1,
DV,1,1,52,
DV,1,1,3,
DV,1,1,1,
DV,1,1,1,
DV,1,1,1,
DV,1,1,60,
DV,1,1,1,
DV,1,1,1,
DV,1,1,94,
DV,1,1,84,
DV,1,1,1,
DV,1,1,1,
DV,1,1,16,
DV,1,1,1,
DV,1,1,324,
DV,1,1,21,
DV,1,1,1,
DV,1,1,4,
DV,1,1,1,
DV,1,1,1,
DV,1,1,12,
DV,1,1,8,
DV,1,1,1,
DV,1,1,1,
DV,1,1,1,
DV,1,1,1,
DV,1,1,2,
DV,1,1,1,
DV,1,1,1,
DV,1,1,3017,
DV,1,1,2,
DV,1,1,1241,
DV,1,1,18,
DV,1,1,20,
DV,1,1,2,
DV,1,1,2,
DV,1,1,1,
DV,1,1,16,
DV,1,1,1,
DV,1,1,3,
DV,1,1,1,
DV,1,1,34,
DV,1,1,3,
DV,1,1,3,
DV,1,1,1,
DV,1,1,1,
DV,1,1,1,
DV,1,1,2,
DV,1,1,1,
DV,1,1,1,
DV,1,1,1,
DV,1,1,1,
DV,1,1,2,
DV,1,1,11,
DV,1,1,1,
DV,1,1,1,
DV,1,1,1,
DV,1,1,3,
DV,1,1,1,
DV,1,1,5,
DV,1,1,1,
DV,1,1,1,
DV,1,1,1,
DV,1,1,2,
DV,1,1,1,
DV,1,1,1,
DV,1,1,1,
DV,1,1,1,
DV,1,1,1,
DV,1,1,1,
DV,1,1,101,
DV,1,1,1,
DV,1,1,1,
DV,1,1,1,
DV,1,1,1,
DV,1,1,1,
DV,1,1,1,
DV,1,1,10,
DV,1,1,44,
DV,1,1,1,
DV,1,1,268,
DV,1,1,1,
DV,1,1,7,
DV,1,1,1,
DV,1,1,1,
DV,1,1,5,
DV,1,1,1,
DV,1,1,1,
DV,1,1,1,
DV,1,1,63,
DV,1,1,15,
DV,1,1,1,
DV,1,1,1,
DV,1,1,3,
DV,1,1,1,
DV,1,1,1,
DV,1,1,1,
DV,1,1,3,
DV,1,1,2,
DV,1,1,1,
DV,1,1,1,
DV,1,1,1,
DV,1,1,1,
DV,1,1,1,
DV,1,1,1,
DV,1,1,4,
DV,1,1,2,
DV,1,1,1,
DV,1,1,2,
DV,1,1,1,
DV,1,1,1,
DV,1,1,196,
DV,1,1,1,
DV,1,1,2,
DV,1,1,3,
DV,1,1,1,
DV,1,1,3,
DV,1,1,1,
DV,1,1,2,
DV,1,1,1,
DV,1,1,1,
DV,1,1,4,
DV,1,1,34,
DV,1,1,1,
DV,1,1,1,
DV,1,1,1,
DV,1,1,75,
DV,1,1,15,
DV,1,1,1,
DV,1,1,1,
DV,1,1,1,
DV,1,1,1,
DV,1,1,1,
DV,1,1,31,
DV,1,1,1,
DV,1,1,3,
DV,1,1,3,
DV,1,1,1,
DV,1,1,1,
DV,1,1,1,
DV,1,1,1,
DV,1,1,1,
DV,1,1,1,
DV,1,1,1,
DV,1,1,3,
DV,1,1,6,
DV,1,1,39,
DV,1,1,6,
DV,1,1,3,
DV,1,1,6,
DV,1,1,6,
DV,1,1,1,
DV,1,1,1,
DV,1,1,2,
DV,1,1,18,
DV,1,1,1,
DV,1,1,1,
DV,1,1,2,
DV,1,1,1,
DV,1,1,5,
DV,1,1,2,
DV,1,1,1,
DV,1,1,1,
DV,1,1,2,
DV,1,1,1,
DV,1,1,3,
DV,1,1,4,
DV,1,1,1,
DV,1,1,3,
DV,1,1,1,
DV,1,1,2,
DV,1,1,1,
DV,1,1,1,
DV,1,1,1,
DV,1,1,1,
DV,1,1,1,
DV,1,1,11,
DV,1,1,1,
DV,1,1,2,
DV,1,1,1,
DV,1,1,2,
DV,1,1,1,
DV,1,1,1,
DV,1,1,1,
DV,1,1,1,
DV,1,1,1,
DV,1,1,1,
DV,1,1,1,
DV,1,1,1,
DV,1,1,4,
DV,1,1,1,
DV,1,1,63,
DV,1,1,1,
DV,1,1,2,
DV,1,1,3,
DV,1,1,1,
DV,1,1,1,
DV,1,1,1,
DV,1,1,1,
DV,1,1,1,
DV,1,1,1,
DV,1,1,2,
DV,1,1,1,
DV,1,1,1,
DV,1,1,1,
DV,1,1,33,
DV,1,1,1,
DV,1,1,13,
DV,1,1,1,
DV,1,1,1,
DV,1,1,3,
DV,1,1,3,
DV,1,1,1,
DV,1,1,3,
DV,1,1,1,
DV,1,1,1,
DV,1,1,2,
DV,1,1,1,
DV,1,1,20,
DV,1,1,20,
DV,1,1,1,
DV,1,1,1,
DV,1,1,3,
DV,1,1,1,
DV,1,1,1,
DV,1,1,1,
DV,1,1,10,
DV,1,1,1,
DV,1,1,1,
DV,1,1,1,
DV,1,1,40,
DV,1,1,25,
DV,1,1,3,
DV,1,1,1,
DV,1,1,1,
DV,1,1,1,
DV,1,1,1,
DV,1,1,75,
DV,1,1,1,
DV,1,1,1,
DV,1,1,1,
DV,1,1,2,
DV,1,1,1,
DV,1,1,1,
DV,1,1,2,
DV,1,1,1,
DV,1,1,3,
DV,1,1,2,
DV,1,1,1,
DV,1,1,1,
DV,1,1,3,
DV,1,1,4,
DV,1,1,6,
DV,1,1,2,
DV,1,1,3,
DV,1,1,53,
DV,1,1,1,
DV,1,1,29,
DV,1,1,1,
DV,1,1,1,
DV,1,1,2,
DV,1,1,188,
DV,1,1,1,
DV,1,1,6,
DV,1,1,49,
DV,1,1,1,
DV,1,1,17,
DV,1,1,1,
DV,1,1,71,
DV,1,1,1,
DV,1,1,1,
DV,1,1,1,
DV,1,1,5,
DV,1,1,1,
DV,1,1,5,
DV,1,1,1,
DV,1,1,3,
DV,1,1,6491,
DV,1,1,1,
DV,1,1,1,
DV,1,1,2,
DV,1,1,1,
DV,1,1,1,
DV,1,1,16,
DV,1,1,1,
DV,1,1,14,
DV,1,1,1,
DV,1,1,1,
DV,1,1,1,
DV,1,1,3,
DV,1,1,2,
DV,1,1,2,
DV,1,1,1,
DV,1,1,1,
DV,1,1,1,
DV,1,1,1,
DV,1,1,1,
DV,1,1,2,
DV,1,1,1,
DV,1,1,1,
DV,1,1,1,
DV,1,1,1,
DV,1,1,8,
DV,1,1,1,
DV,1,1,1,
DV,1,1,4,
DV,1,1,3,
DV,1,1,1,
DV,1,1,1,
DV,1,1,1,
DV,1,1,1,
DV,1,1,9,
DV,1,1,1,
DV,1,1,5,
DV,1,1,2,
DV,1,1,1,
DV,1,1,1,
DV,1,1,1,
DV,1,1,2,
DV,1,1,1,
DV,1,1,1,
DV,1,1,1,
DV,1,1,1,
DV,1,1,30,
DV,1,1,1,
DV,1,1,1,
DV,1,1,1,
DV,1,1,3,
DV,1,1,1,
DV,1,1,1,
DV,1,1,1,
DV,1,1,1,
DV,1,1,1,
DV,1,1,2,
DV,1,1,4,
DV,1,1,449,
DV,1,1,1,
DV,1,1,1,
DV,1,1,43,
DV,1,1,1,
DV,1,1,1,
DV,1,1,1,
DV,1,1,3,
DV,1,1,1,
DV,1,1,1,
DV,1,1,2,
DV,1,1,2,
DV,1,1,21,
DV,1,1,2,
DV,1,1,1,
DV,1,1,1,
DV,1,1,1,
DV,1,1,1,
DV,1,1,1,
DV,1,1,1,
DV,1,1,1,
DV,1,1,1,
DV,1,1,1,
DV,1,1,1,
DV,1,1,2,
DV,1,1,2,
DV,1,1,1,
DV,1,1,2,
DV,1,1,1,
DV,1,1,1,
DV,1,1,6,
DV,1,1,2,
DV,1,1,1,
DV,1,1,2,
DV,1,1,1,
DV,1,1,28,
DV,1,1,2,
DV,1,1,3,
DV,1,1,1,
DV,1,1,1,
DV,1,1,1,
DV,1,1,1,
DV,1,1,1,
DV,1,1,1,
DV,1,1,2,
DV,1,1,1,
DV,1,1,1,
DV,1,1,1,
DV,1,1,2,
DV,1,1,4,
DV,1,1,1,
DV,1,1,1,
DV,1,1,9,
DV,1,1,3,
DV,1,1,1,
DV,1,1,2,
DV,1,1,1,
DV,1,1,1,
DV,1,1,1,
DV,1,1,3,
DV,1,1,1,
DV,1,1,1,
DV,1,1,1,
DV,1,1,1,
DV,1,1,1,
DV,1,1,442,
DV,1,1,1,
DV,1,1,1,
DV,1,1,1,
DV,1,1,1,
DV,1,1,1,
DV,1,1,2,
DV,1,1,3,
DV,1,1,11,
DV,1,1,1,
DV,1,1,1,
DV,1,1,1,
DV,1,1,46,
DV,1,1,1,
DV,1,1,1,
DV,1,1,1,
DV,1,1,1,
DV,1,1,1,
DV,1,1,1,
DV,1,1,1,
DV,1,1,2,
DV,1,1,5,
DV,1,1,1,
DV,1,1,2,
DV,1,1,356,
DV,1,1,5,
DV,1,1,3,
DV,1,1,12,
DV,1,1,1,
DV,1,1,25,
DV,1,1,1,
DV,1,1,1,
DV,1,1,2,
DV,1,1,1,
DV,1,1,1,
DV,1,1,1,
DV,1,1,1,
DV,1,1,2,
DV,1,1,1,
DV,1,1,1,
DV,1,1,38,
DV,1,1,1,
DV,1,1,2,
DV,1,1,1,
DV,1,1,2,
DV,1,1,9,
DV,1,1,1,
DV,1,1,1,
DV,1,1,6,
DV,1,1,4,
DV,1,1,1,
DV,1,1,1,
DV,1,1,1,
DV,1,1,1,
DV,1,1,1,
DV,1,1,6,
DV,1,1,1,
DV,1,1,1,
DV,1,1,1,
DV,1,1,6,
DV,1,1,1,
DV,1,1,8,
DV,1,1,2,
DV,1,1,1,
DV,1,1,23,
DV,1,1,1,
DV,1,1,2,
DV,1,1,1,
DV,1,1,2,
DV,1,1,1,
DV,1,1,1,
DV,1,1,1,
DV,1,1,2,
DV,1,1,1,
DV,1,1,10,
DV,1,1,1,
DV,1,1,2,
DV,1,1,6,
DV,1,1,1,
DV,1,1,12,
DV,1,1,1,
DV,1,1,40,
DV,1,1,1,
DV,1,1,1,
DV,1,1,25,
DV,1,1,2,
DV,1,1,1,
DV,1,1,1,
DV,1,1,1,
DV,1,1,1,
DV,1,1,6,
DV,1,1,1,
DV,1,1,7,
DV,1,1,1,
DV,1,1,1,
DV,1,1,1,
DV,1,1,1,
DV,1,1,1,
DV,1,1,1,
DV,1,1,1,
DV,1,1,6,
DV,1,1,3,
DV,1,1,1,
DV,1,1,3,
DV,1,1,1,
DV,1,1,1,
DV,1,1,1,
DV,1,1,8,
DV,1,1,8,
DV,1,1,2,
DV,1,1,1,
DV,1,1,3,
DV,1,1,10,
DV,1,1,1,
DV,1,1,6,
DV,1,1,1,
DV,1,1,1,
DV,1,1,1,
DV,1,1,2,
DV,1,1,1,
DV,1,1,1,
DV,1,1,1,
DV,1,1,1,
DV,1,1,5,
DV,1,1,3,
DV,1,1,1,
DV,1,1,3,
DV,1,1,6,
DV,1,1,1,
DV,1,1,1,
DV,1,1,58,
DV,1,1,7,
DV,1,1,1,
DV,1,1,1,
DV,1,1,2,
DV,1,1,1,
DV,1,1,4,
DV,1,1,13,
DV,1,1,1,
DV,1,1,7,
DV,1,1,3,
DV,1,1,3,
DV,1,1,1,
DV,1,1,2,
DV,1,1,3,
DV,1,1,1,
DV,1,1,2,
DV,1,1,1,
DV,1,1,1,
DV,1,1,1,
DV,1,1,2,
DV,1,1,1,
DV,1,1,1,
DV,1,1,1,
DV,1,1,1,
DV,1,1,2,
DV,1,1,4,
DV,1,1,189,
DV,1,1,2,
DV,1,1,1,
DV,1,1,8,
DV,1,1,1,
DV,1,1,1,
DV,1,1,1,
DV,1,1,79,
DV,1,1,1,
DV,1,1,45,
DV,1,1,1,
DV,1,1,1,
DV,1,1,3,
DV,1,1,1,
DV,1,1,1,
DV,1,1,7,
DV,1,1,7,
DV,1,1,1,
DV,1,1,2,
DV,1,1,1,
DV,1,1,2,
DV,1,1,1,
DV,1,1,1,
DV,1,1,2,
DV,1,1,1,
DV,1,1,1,
DV,1,1,1,
DV,1,1,1,
DV,1,1,3,
DV,1,1,1,
DV,1,1,1,
DV,1,1,1,
DV,1,1,1,
DV,1,1,1,
DV,1,1,1,
DV,1,1,1,
DV,1,1,2,
DV,1,1,2,
DV,1,1,5,
DV,1,1,1,
DV,1,1,1,
DV,1,1,53,
DV,1,1,1,
DV,1,1,1,
DV,1,1,15,
DV,1,1,1,
DV,1,1,4,
DV,1,1,1,
DV,1,1,25,
DV,1,1,1,
DV,1,1,9,
DV,1,1,1,
DV,1,1,1,
DV,1,1,1,
DV,1,1,62,
DV,1,1,1,
DV,1,1,1,
DV,1,1,1,
DV,1,1,4,
DV,1,1,1,
DV,1,1,2,
DV,1,1,9,
DV,1,1,1,
DV,1,1,1,
DV,1,1,4,
DV,1,1,1,
DV,1,1,1,
DV,1,1,1,
DV,1,1,1,
DV,1,1,4,
DV,1,1,4,
DV,1,1,14,
DV,1,1,4,
DV,1,1,2,
DV,1,1,3,
DV,1,1,8,
DV,1,1,1,
DV,1,1,27,
DV,1,1,19,
DV,1,1,1,
DV,1,1,174,
DV,1,1,1,
DV,1,1,1,
DV,1,1,1,
DV,1,1,3,
DV,1,1,1,
DV,1,1,1,
DV,1,1,6,
DV,1,1,5,
DV,1,1,1,
DV,1,1,2,
DV,1,1,1,
DV,1,1,1,
DV,1,1,56,
DV,1,1,4,
DV,1,1,1,
DV,1,1,59,
DV,1,1,1,
DV,1,1,3,
DV,1,1,1,
DV,1,1,1,
DV,1,1,1,
DV,1,1,2,
DV,1,1,1,
DV,1,1,11,
DV,1,1,1,
DV,1,1,1,
DV,1,1,1,
DV,1,1,1,
DV,1,1,1,
DV,1,1,1,
DV,1,1,1,
DV,1,1,7,
DV,1,1,1,
DV,1,1,1,
DV,1,1,1,
DV,1,1,1,
DV,1,1,3,
DV,1,1,1,
DV,1,1,10,
DV,1,1,9,
DV,1,1,1,
DV,1,1,4,
DV,1,1,12,
DV,1,1,2,
DV,1,1,1,
DV,1,1,1,
DV,1,1,1,
DV,1,1,1,
DV,1,1,2,
DV,1,1,11,
DV,1,1,1,
DV,1,1,3,
DV,1,1,10872,
DV,1,1,22760,
DV,1,1.2,1,
DV,1,1.2,1,
DV,1,1.2,5,
DV,1,1.2,1,
DV,1,1.2,2,
DV,1,1.2,1,
DV,1,1.2,2,
DV,1,1.2,40,
DV,1,1.2,2,
DV,1,1.2,2,
DV,1,1.2,1,
DV,1,1.2,3,
DV,1,1.2,1,
DV,1,1.2,1,
DV,1,1.2,3,
DV,1,1.2,1,
DV,1,1.2,2,
DV,1,1.2,1,
DV,1,1.2,1,
DV,1,1.2,1,
DV,1,1.2,4,
DV,1,1.2,12,
DV,1,1.2,2,
DV,1,1.2,358,
DV,1,1.2,2,
DV,1,1.2,1,
DV,1,1.2,7,
DV,1,1.2,11,
DV,1,1.2,207,
DV,1,1.2,2,
DV,1,1.2,412,
DV,1,1.2,3,
DV,1,1.2,1,
DV,1,1.2,1,
DV,1,1.2,3,
DV,1,1.2,1,
DV,1,1.2,1,
DV,1,1.2,5,
DV,1,1.2,1,
DV,1,1.2,1,
DV,1,1.2,1,
DV,1,1.2,14,
DV,1,1.2,1,
DV,1,1.2,1,
DV,1,1.2,1,
DV,1,1.2,1,
DV,1,1.2,1,
DV,1,1.2,1,
DV,1,1.2,1,
DV,1,1.2,2,
DV,1,1.2,1,
DV,1,1.2,1,
DV,1,1.2,1,
DV,1,1.2,1,
DV,1,1.2,1,
DV,1,1.2,1,
DV,1,1.2,1,
DV,1,1.2,1,
DV,1,1.2,2,
DV,1,1.2,3,
DV,1,1.2,1,
DV,1,1.2,11,
DV,1,1.2,1,
DV,1,1.2,3,
DV,1,1.2,1,
DV,1,1.2,1,
DV,1,1.2,7,
DV,1,1.2,1,
DV,1,1.2,55,
DV,1,1.2,2,
DV,1,1.2,196,
DV,1,1.2,1,
DV,1,1.2,1,
DV,1,1.2,1,
DV,1,1.2,1,
DV,1,1.2,1,
DV,1,1.2,3,
DV,1,1.2,1,
DV,1,1.2,285,
DV,1,1.2,1,
DV,1,1.2,5,
DV,1,1.2,546,
DV,1,1.2,1,
DV,1,1.2,3,
DV,1,1.2,5,
DV,1,1.2,4,
DV,1,1.2,3,
DV,1,1.2,1,
DV,1,1.2,1,
DV,1,1.2,2,
DV,1,1.2,2,
DV,1,1.2,4,
DV,1,1.2,1,
DV,1,1.2,1,
DV,1,1.2,1,
DV,1,1.2,1,
DV,1,1.2,1,
DV,1,1.2,2,
DV,1,1.2,6153,
DV,1,1.2,181,
DV,1,1.2,350,
DV,1,1.2,1,
DV,1,1.2,2,
DV,1,1.2,1,
DV,1,1.2,2,
DV,1,1.2,1,
DV,1,1.2,1,
DV,1,1.2,2,
DV,1,1.2,1,
DV,1,1.2,3,
DV,1,1.2,1,
DV,1,1.2,2,
DV,1,1.2,1,
DV,1,1.2,11,
DV,1,1.2,1,
DV,1,1.2,1,
DV,1,1.2,2,
DV,1,1.2,2,
DV,1,1.2,1,
DV,1,1.2,9,
DV,1,1.2,7,
DV,1,1.2,1,
DV,1,1.2,979,
DV,1,1.2,1,
DV,1,1.2,9,
DV,1,1.2,2,
DV,1,1.2,23,
DV,1,1.2,1,
DV,1,1.2,1,
DV,1,1.2,53,
DV,1,1.2,1,
DV,1,1.2,3,
DV,1,1.2,1,
DV,1,1.2,3,
DV,1,1.2,1,
DV,1,1.2,3,
DV,1,1.2,5,
DV,1,1.2,2,
DV,1,1.2,1,
DV,1,1.2,1,
DV,1,1.2,1,
DV,1,1.2,1,
DV,1,1.2,2,
DV,1,1.2,5,
DV,1,1.2,1,
DV,1,1.2,1,
DV,1,1.2,1,
DV,1,1.2,7,
DV,1,1.2,1,
DV,1,1.2,1,
DV,1,1.2,1,
DV,1,1.2,1,
DV,1,1.2,1,
DV,1,1.2,1,
DV,1,1.2,1,
DV,1,1.2,4,
DV,1,1.2,1,
DV,1,1.2,1,
DV,1,1.2,1,
DV,1,1.2,1,
DV,1,1.2,1,
DV,1,1.2,1,
DV,1,1.2,8,
DV,1,1.2,1,
DV,1,1.2,1,
DV,1,1.2,1,
DV,1,1.2,1,
DV,1,1.2,1,
DV,1,1.2,4,
DV,1,1.2,1,
DV,1,1.2,102,
DV,1,1.2,13,
DV,1,1.2,6,
DV,1,1.2,2,
DV,1,1.2,4,
DV,1,1.2,5,
DV,1,1.2,7,
DV,1,1.2,1,
DV,1,1.2,1,
DV,1,1.2,2,
DV,1,1.2,1,
DV,1,1.2,28,
DV,1,1.2,1,
DV,1,1.2,1,
DV,1,1.2,1,
DV,1,1.2,1,
DV,1,1.2,869,
DV,1,1.2,1,
DV,1,1.2,35,
DV,1,1.2,1,
DV,1,1.2,2,
DV,1,1.2,1,
DV,1,1.2,1,
DV,1,1.2,1,
DV,1,1.2,1,
DV,1,1.2,2,
DV,1,1.2,1,
DV,1,1.2,1,
DV,1,1.2,1,
DV,1,1.2,1,
DV,1,1.2,1,
DV,1,1.2,1,
DV,1,1.2,2,
DV,1,1.2,1,
DV,1,1.2,1,
DV,1,1.2,2,
DV,1,1.2,1,
DV,1,1.2,23,
DV,1,1.2,3,
DV,1,1.2,4,
DV,1,1.2,22,
DV,1,1.2,1,
DV,1,1.2,1,
DV,1,1.2,2,
DV,1,1.2,1,
DV,1,1.2,4,
DV,1,1.2,1,
DV,1,1.2,1,
DV,1,1.2,1,
DV,1,1.2,1,
DV,1,1.2,29,
DV,1,1.2,1,
DV,1,1.2,1,
DV,1,1.2,1,
DV,1,1.2,2,
DV,1,1.2,8,
DV,1,1.2,4,
DV,1,1.2,2092,
DV,1,1.2,2,
DV,1,1.2,1,
DV,1,1.2,5,
DV,1,1.2,1,
DV,1,1.2,24,
DV,1,1.2,2,
DV,1,1.2,18,
DV,1,1.2,1,
DV,1,1.2,4,
DV,1,1.2,2,
DV,1,1.2,1,
DV,1,1.2,1,
DV,1,1.2,2,
DV,1,1.2,1,
DV,1,1.2,8,
DV,1,1.2,1,
DV,1,1.2,1,
DV,1,1.2,1,
DV,1,1.2,1,
DV,1,1.2,1,
DV,1,1.2,2,
DV,1,1.2,1,
DV,1,1.2,7,
DV,1,1.2,30,
DV,1,1.2,2,
DV,1,1.2,8,
DV,1,1.2,1,
DV,1,1.2,1,
DV,1,1.2,8,
DV,1,1.2,1,
DV,1,1.2,1,
DV,1,1.2,18,
DV,1,1.2,1,
DV,1,1.2,1,
DV,1,1.2,1,
DV,1,1.2,1,
DV,1,1.2,2,
DV,1,1.2,2,
DV,1,1.2,90,
DV,1,1.2,22,
DV,1,1.2,5,
DV,1,1.2,1,
DV,1,1.2,1,
DV,1,1.2,1,
DV,1,1.2,1,
DV,1,1.2,1,
DV,1,1.2,2,
DV,1,1.2,1,
DV,1,1.2,2,
DV,1,1.2,1,
DV,1,1.2,1,
DV,1,1.2,1,
DV,1,1.2,1,
DV,1,1.2,1,
DV,1,1.2,1,
DV,1,1.2,3,
DV,1,1.2,24,
DV,1,1.2,2,
DV,1,1.2,2,
DV,1,1.2,5,
DV,1,1.2,1,
DV,1,1.2,1,
DV,1,1.2,56,
DV,1,1.2,1,
DV,1,1.2,1,
DV,1,1.2,1,
DV,1,1.2,1,
DV,1,1.2,1,
DV,1,1.2,1,
DV,1,1.2,1,
DV,1,1.2,1,
DV,1,1.2,1,
DV,1,1.2,1,
DV,1,1.2,7,
DV,1,1.2,13,
DV,1,1.2,1,
DV,1,1.2,1,
DV,1,1.2,1,
DV,1,1.2,1,
DV,1,1.2,1,
DV,1,1.2,1,
DV,1,1.2,1,
DV,1,1.2,1,
DV,1,1.2,1,
DV,1,1.2,1,
DV,1,1.2,1,
DV,1,1.2,1,
DV,1,1.2,1,
DV,1,1.2,5,
DV,1,1.2,2,
DV,1,1.2,1,
DV,1,1.2,1,
DV,1,1.2,1,
DV,1,1.2,1,
DV,1,1.2,2,
DV,1,1.2,1,
DV,1,1.2,3,
DV,1,1.2,3,
DV,1,1.2,2,
DV,1,1.2,1,
DV,1,1.2,1,
DV,1,1.2,150,
DV,1,1.2,1,
DV,1,1.2,1,
DV,1,1.2,1,
DV,1,1.2,2,
DV,1,1.2,1,
DV,1,1.2,3,
DV,1,1.2,1,
DV,1,1.2,2,
DV,1,1.2,2,
DV,1,1.2,1,
DV,1,1.2,677,
DV,1,1.2,11,
DV,1,1.2,1,
DV,1,1.2,103,
DV,1,1.2,1,
DV,1,1.2,21,
DV,1,1.2,1,
DV,1,1.2,2,
DV,1,1.2,21,
DV,1,1.2,4,
DV,1,1.2,1,
DV,1,1.2,1,
DV,1,1.2,1,
DV,1,1.2,2,
DV,1,1.2,1,
DV,1,1.2,1,
DV,1,1.2,480,
DV,1,1.2,71,
DV,1,1.2,7,
DV,1,1.2,14,
DV,1,1.2,30,
DV,1,1.2,1,
DV,1,1.2,4,
DV,1,1.2,1,
DV,1,1.2,1,
DV,1,1.2,1,
DV,1,1.2,15,
DV,1,1.2,1,
DV,1,1.2,351,
DV,1,1.2,7,
DV,1,1.2,1,
DV,1,1.2,1,
DV,1,1.2,24,
DV,1,1.2,1,
DV,1,1.2,1,
DV,1,1.2,1,
DV,1,1.2,1,
DV,1,1.2,4,
DV,1,1.2,1,
DV,1,1.2,1,
DV,1,1.2,1,
DV,1,1.2,1,
DV,1,1.2,1,
DV,1,1.2,38,
DV,1,1.2,1,
DV,1,1.2,3,
DV,1,1.2,1,
DV,1,1.2,10,
DV,1,1.2,3,
DV,1,1.2,3,
DV,1,1.2,1,
DV,1,1.2,1,
DV,1,1.2,3,
DV,1,1.2,7,
DV,1,1.2,1,
DV,1,1.2,2,
DV,1,1.2,1,
DV,1,1.2,5,
DV,1,1.2,1,
DV,1,1.2,3,
DV,1,1.2,1,
DV,1,1.2,1,
DV,1,1.2,150,
DV,1,1.2,1,
DV,1,1.2,1,
DV,1,1.2,1,
DV,1,1.2,2,
DV,1,1.2,2,
DV,1,1.2,8,
DV,1,1.2,5,
DV,1,1.2,1,
DV,1,1.2,1,
DV,1,1.2,1,
DV,1,1.2,1,
DV,1,1.2,53,
DV,1,1.2,9,
DV,1,1.2,1,
DV,1,1.2,4,
DV,1,1.2,1,
DV,1,1.2,52,
DV,1,1.2,3,
DV,1,1.2,1,
DV,1,1.2,414,
DV,1,1.2,1,
DV,1,1.2,1,
DV,1,1.2,1,
DV,1,1.2,2,
DV,1,1.2,3,
DV,1,1.2,3,
DV,1,1.2,751,
DV,1,1.2,1,
DV,1,1.2,3,
DV,1,1.2,1,
DV,1,1.2,1,
DV,1,1.2,1,
DV,1,1.2,1,
DV,1,1.2,1,
DV,1,1.2,18,
DV,1,1.2,3,
DV,1,1.2,1,
DV,1,1.2,1,
DV,1,1.2,1,
DV,1,1.2,1,
DV,1,1.2,1,
DV,1,1.2,3,
DV,1,1.2,55,
DV,1,1.2,2,
DV,1,1.2,1,
DV,1,1.2,1,
DV,1,1.2,1,
DV,1,1.2,4,
DV,1,1.2,7,
DV,1,1.2,2,
DV,1,1.2,2,
DV,1,1.2,1,
DV,1,1.2,2,
DV,1,1.2,1,
DV,1,1.2,3,
DV,1,1.2,2,
DV,1,1.2,36,
DV,1,1.2,2,
DV,1,1.2,1,
DV,1,1.2,11,
DV,1,1.2,1,
DV,1,1.2,78,
DV,1,1.2,47,
DV,1,1.2,1,
DV,1,1.2,1,
DV,1,1.2,2,
DV,1,1.2,7,
DV,1,1.2,2,
DV,1,1.2,1,
DV,1,1.2,1,
DV,1,1.2,1,
DV,1,1.2,2,
DV,1,1.2,3,
DV,1,1.2,1,
DV,1,1.2,1,
DV,1,1.2,2,
DV,1,1.2,1,
DV,1,1.2,5,
DV,1,1.2,2,
DV,1,1.2,1,
DV,1,1.2,1,
DV,1,1.2,1,
DV,1,1.2,2,
DV,1,1.2,1,
DV,1,1.2,2746,
DV,1,1.2,2,
DV,1,1.2,1,
DV,1,1.2,1,
DV,1,1.2,1,
DV,1,1.2,1,
DV,1,1.2,1,
DV,1,1.2,5,
DV,1,1.2,1,
DV,1,1.2,1,
DV,1,1.2,1,
DV,1,1.2,2,
DV,1,1.2,2,
DV,1,1.2,7,
DV,1,1.2,1,
DV,1,1.2,13,
DV,1,1.2,1,
DV,1,1.2,12,
DV,1,1.2,3,
DV,1,1.2,1,
DV,1,1.2,1,
DV,1,1.2,1,
DV,1,1.2,1,
DV,1,1.2,1,
DV,1,1.2,1,
DV,1,1.2,7,
DV,1,1.2,2,
DV,1,1.2,61,
DV,1,1.2,1,
DV,1,1.2,1,
DV,1,1.2,1,
DV,1,1.2,1,
DV,1,1.2,1,
DV,1,1.2,2,
DV,1,1.2,4,
DV,1,1.2,1,
DV,1,1.2,1,
DV,1,1.2,3,
DV,1,1.2,1352,
DV,1,1.2,1,
DV,1,1.2,1,
DV,1,1.2,1,
DV,1,1.2,54,
DV,1,1.2,5,
DV,1,1.2,1,
DV,1,1.2,1,
DV,1,1.2,14,
DV,1,1.2,1,
DV,1,1.2,1,
DV,1,1.2,1,
DV,1,1.2,6,
DV,1,1.2,1,
DV,1,1.2,57,
DV,1,1.2,1,
DV,1,1.2,3,
DV,1,1.2,1,
DV,1,1.2,1,
DV,1,1.2,27,
DV,1,1.2,104,
DV,1,1.2,2,
DV,1,1.2,14,
DV,1,1.2,2,
DV,1,1.2,2,
DV,1,1.2,1,
DV,1,1.2,1,
DV,1,1.2,1,
DV,1,1.2,1,
DV,1,1.2,2,
DV,1,1.2,1,
DV,1,1.2,1,
DV,1,1.2,1,
DV,1,1.2,1,
DV,1,1.2,1,
DV,1,1.2,1,
DV,1,1.2,1,
DV,1,1.2,1,
DV,1,1.2,288,
DV,1,1.2,1,
DV,1,1.2,11,
DV,1,1.2,2,
DV,1,1.2,1,
DV,1,1.2,3,
DV,1,1.2,2,
DV,1,1.2,1,
DV,1,1.2,2,
DV,1,1.2,2007,
DV,1,1.2,2,
DV,1,1.2,1,
DV,1,1.2,1,
DV,1,1.2,1,
DV,1,1.2,16,
DV,1,1.2,1,
DV,1,1.2,1,
DV,1,1.2,1,
DV,1,1.2,1,
DV,1,1.2,1,
DV,1,1.2,1,
DV,1,1.2,1,
DV,1,1.2,1,
DV,1,1.2,2,
DV,1,1.2,2,
DV,1,1.2,6,
DV,1,1.2,1,
DV,1,1.2,22,
DV,1,1.2,1,
DV,1,1.2,1,
DV,1,1.2,3,
DV,1,1.2,1,
DV,1,1.2,1,
DV,1,1.2,10,
DV,1,1.2,1,
DV,1,1.2,1,
DV,1,1.2,2,
DV,1,1.2,1,
DV,1,1.2,1,
DV,1,1.2,1,
DV,1,1.2,19,
DV,1,1.2,6,
DV,1,1.2,1,
DV,1,1.2,14,
DV,1,1.2,2,
DV,1,1.2,1,
DV,1,1.2,3,
DV,1,1.2,2654,
DV,1,1.2,1,
DV,1,1.2,16,
DV,1,1.2,1,
DV,1,1.2,1,
DV,1,1.2,1,
DV,1,1.2,1,
DV,1,1.2,4,
DV,1,1.2,2,
DV,1,1.2,78,
DV,1,1.2,5,
DV,1,1.2,925,
DV,1,1.2,1,
DV,1,1.2,1,
DV,1,1.2,1,
DV,1,1.2,3,
DV,1,1.2,1,
DV,1,1.2,7,
DV,1,1.2,1,
DV,1,1.2,3,
DV,1,1.2,13,
DV,1,1.2,1,
DV,1,1.2,1,
DV,1,1.2,1,
DV,1,1.2,2,
DV,1,1.2,1,
DV,1,1.2,14,
DV,1,1.2,2,
DV,1,1.2,1,
DV,1,1.2,1,
DV,1,1.2,2,
DV,1,1.2,2,
DV,1,1.2,1,
DV,1,1.2,1,
DV,1,1.2,8,
DV,1,1.2,1,
DV,1,1.2,2,
DV,1,1.2,1,
DV,1,1.2,1,
DV,1,1.2,2,
DV,1,1.2,2,
DV,1,1.2,1,
DV,1,1.2,64,
DV,1,1.2,1,
DV,1,1.2,2,
DV,1,1.2,7,
DV,1,1.2,1,
DV,1,1.2,1,
DV,1,1.2,1,
DV,1,1.2,1,
DV,1,1.2,1,
DV,1,1.2,4,
DV,1,1.2,1,
DV,1,1.2,15,
DV,1,1.2,1,
DV,1,1.2,5,
DV,1,1.2,10,
DV,1,1.2,1,
DV,1,1.2,6,
DV,1,1.2,3,
DV,1,1.2,1,
DV,1,1.2,1,
DV,1,1.2,1,
DV,1,1.2,1,
DV,1,1.2,12,
DV,1,1.2,3,
DV,1,1.2,1,
DV,1,1.2,1,
DV,1,1.2,1,
DV,1,1.2,2,
DV,1,1.2,4,
DV,1,1.2,2,
DV,1,1.2,5,
DV,1,1.2,1,
DV,1,1.2,1,
DV,1,1.2,1,
DV,1,1.2,1,
DV,1,1.2,1,
DV,1,1.2,2,
DV,1,1.2,1,
DV,1,1.2,63,
DV,1,1.2,1,
DV,1,1.2,7,
DV,1,1.2,1,
DV,1,1.2,1,
DV,1,1.2,1,
DV,1,1.2,1,
DV,1,1.2,1,
DV,1,1.2,267,
DV,1,1.2,14,
DV,1,1.2,5,
DV,1,1.2,1,
DV,1,1.2,2,
DV,1,1.2,2,
DV,1,1.2,1,
DV,1,1.2,8,
DV,1,1.2,1,
DV,1,1.2,1,
DV,1,1.2,2,
DV,1,1.2,3,
DV,1,1.2,4038,
DV,1,1.2,1,
DV,1,1.2,10,
DV,1,1.2,1,
DV,1,1.2,154,
DV,1,1.2,56,
DV,1,1.2,1,
DV,1,1.2,3,
DV,1,1.2,1,
DV,1,1.2,1,
DV,1,1.2,1,
DV,1,1.2,1,
DV,1,1.2,1,
DV,1,1.2,1179,
DV,1,1.2,1,
DV,1,1.2,1,
DV,1,1.2,239,
DV,1,1.2,1,
DV,1,1.2,6,
DV,1,1.2,2,
DV,1,1.2,1,
DV,1,1.2,1,
DV,1,1.2,1,
DV,1,1.2,1,
DV,1,1.2,1,
DV,1,1.2,1,
DV,1,1.2,2,
DV,1,1.2,1,
DV,1,1.2,23,
DV,1,1.2,1,
DV,1,1.2,4,
DV,1,1.2,10,
DV,1,1.2,1,
DV,1,1.2,2,
DV,1,1.2,1,
DV,1,1.2,2,
DV,1,1.2,1,
DV,1,1.2,1,
DV,1,1.2,1,
DV,1,1.2,11,
DV,1,1.2,2,
DV,1,1.2,2,
DV,1,1.2,2,
DV,1,1.2,1,
DV,1,1.2,2,
DV,1,1.2,1,
DV,1,1.2,234,
DV,1,1.2,1,
DV,1,1.2,1,
DV,1,1.2,2,
DV,1,1.2,6,
DV,1,1.2,12,
DV,1,1.2,68,
DV,1,1.2,28,
DV,1,1.2,1,
DV,1,1.2,1,
DV,1,1.2,1,
DV,1,1.2,10,
DV,1,1.2,1,
DV,1,1.2,1,
DV,1,1.2,2,
DV,1,1.2,77,
DV,1,1.2,5,
DV,1,1.2,2,
DV,1,1.2,1,
DV,1,1.2,386,
DV,1,1.2,1,
DV,1,1.2,1,
DV,1,1.2,2,
DV,1,1.2,1,
DV,1,1.2,1,
DV,1,1.2,2,
DV,1,1.2,1,
DV,1,1.2,1,
DV,1,1.2,2,
DV,1,1.2,8,
DV,1,1.2,2,
DV,1,1.2,2369,
DV,1,1.2,2,
DV,1,1.2,1,
DV,1,1.2,1,
DV,1,1.2,14,
DV,1,1.2,1,
DV,1,1.2,1,
DV,1,1.2,10,
DV,1,1.2,1,
DV,1,1.2,1,
DV,1,1.2,1,
DV,1,1.2,3,
DV,1,1.2,2,
DV,1,1.2,1,
DV,1,1.2,1,
DV,1,1.2,1,
DV,1,1.2,1,
DV,1,1.2,5,
DV,1,1.2,1,
DV,1,1.2,23,
DV,1,1.2,2,
DV,1,1.2,2,
DV,1,1.2,1,
DV,1,1.2,48,
DV,1,1.2,1,
DV,1,1.2,1,
DV,1,1.2,8,
DV,1,1.2,1,
DV,1,1.2,1,
DV,1,1.2,5,
DV,1,1.2,1,
DV,1,1.2,1,
DV,1,1.2,2,
DV,1,1.2,1,
DV,1,1.2,1,
DV,1,1.2,1,
DV,1,1.2,13,
DV,1,1.2,2,
DV,1,1.2,2,
DV,1,1.2,1,
DV,1,1.2,1,
DV,1,1.2,1,
DV,1,1.2,32,
DV,1,1.2,1,
DV,1,1.2,7,
DV,1,1.2,1,
DV,1,1.2,1,
DV,1,1.2,1,
DV,1,1.2,1,
DV,1,1.2,1,
DV,1,1.2,304,
DV,1,1.2,1,
DV,1,1.2,4,
DV,1,1.2,1,
DV,1,1.2,7,
DV,1,1.2,3,
DV,1,1.2,4,
DV,1,1.2,1,
DV,1,1.2,2,
DV,1,1.2,1,
DV,1,1.2,1,
DV,1,1.2,4,
DV,1,1.2,1,
DV,1,1.2,3,
DV,1,1.2,1,
DV,1,1.2,1,
DV,1,1.2,2,
DV,1,1.2,1,
DV,1,1.2,1,
DV,1,1.2,1,
DV,1,1.2,1,
DV,1,1.2,72,
DV,1,1.2,1,
DV,1,1.2,1,
DV,1,1.2,1,
DV,1,1.2,1,
DV,1,1.2,230,
DV,1,1.2,1,
DV,1,1.2,4,
DV,1,1.2,1,
DV,1,1.2,1,
DV,1,1.2,1,
DV,1,1.2,1,
DV,1,1.2,1,
DV,1,1.2,1,
DV,1,1.2,3,
DV,1,1.2,1,
DV,1,1.2,1,
DV,1,1.2,1,
DV,1,1.2,1,
DV,1,1.2,1,
DV,1,1.2,1,
DV,1,1.2,122,
DV,1,1.2,1,
DV,1,1.2,1,
DV,1,1.2,1,
DV,1,1.2,3,
DV,1,1.2,1,
DV,1,1.2,3,
DV,1,1.2,2,
DV,1,1.2,15,
DV,1,1.2,2,
DV,1,1.2,2,
DV,1,1.2,1,
DV,1,1.2,3,
DV,1,1.2,1,
DV,1,1.2,1,
DV,1,1.2,1,
DV,1,1.2,1,
DV,1,1.2,5,
DV,1,1.2,1,
DV,1,1.2,1,
DV,1,1.2,1,
DV,1,1.2,152,
DV,1,1.2,5,
DV,1,1.2,1,
DV,1,1.2,1,
DV,1,1.2,1,
DV,1,1.2,1,
DV,1,1.2,1,
DV,1,1.2,1,
DV,1,1.2,4,
DV,1,1.2,125,
DV,1,1.2,213,
DV,1,1.2,3,
DV,1,1.2,25,
DV,1,1.2,2,
DV,1,1.2,8,
DV,1,1.2,1,
DV,1,1.2,125,
DV,1,1.2,1,
DV,1,1.2,1,
DV,1,1.2,1,
DV,1,1.2,867,
DV,1,1.2,4,
DV,1,1.2,1,
DV,1,1.2,1,
DV,1,1.2,1,
DV,1,1.2,1,
DV,1,1.2,2,
DV,1,1.2,2,
DV,1,1.2,1,
DV,1,1.2,1,
DV,1,1.2,1,
DV,1,1.2,3,
DV,1,1.2,1,
DV,1,1.2,3,
DV,1,1.2,6,
DV,1,1.2,2,
DV,1,1.2,1,
DV,1,1.2,1,
DV,1,1.2,1,
DV,1,1.2,3,
DV,1,1.2,3,
DV,1,1.2,1,
DV,1,1.2,1,
DV,1,1.2,5,
DV,1,1.2,1,
DV,1,1.2,1,
DV,1,1.2,1,
DV,1,1.2,1,
DV,1,1.2,1,
DV,1,1.2,1,
DV,1,1.2,2,
DV,1,1.2,1,
DV,1,1.2,1,
DV,1,1.2,1,
DV,1,1.2,289,
DV,1,1.2,1,
DV,1,1.2,1,
DV,1,1.2,8,
DV,1,1.2,1,
DV,1,1.2,1,
DV,1,1.2,1,
DV,1,1.2,1,
DV,1,1.2,1,
DV,1,1.2,1,
DV,1,1.2,1,
DV,1,1.2,1,
DV,1,1.2,1,
DV,1,1.2,1,
DV,1,1.2,2,
DV,1,1.2,4,
DV,1,1.2,30,
DV,1,1.2,53,
DV,1,1.2,2,
DV,1,1.2,23,
DV,1,1.2,1,
DV,1,1.2,1,
DV,1,1.2,22,
DV,1,1.2,11,
DV,1,1.2,52,
DV,1,1.2,2972,
DV,1,1.2,2,
DV,1,1.2,1,
DV,1,1.2,37,
DV,1,1.2,1,
DV,1,1.2,4,
DV,1,1.2,1,
DV,1,1.2,1,
DV,1,1.2,8,
DV,1,1.2,1,
DV,1,1.2,5,
DV,1,1.2,1,
DV,1,1.2,2,
DV,1,1.2,475,
DV,1,1.2,661,
DV,1,1.2,1,
DV,1,1.2,1,
DV,1,1.2,1,
DV,1,1.2,7974,
DV,1,1.2,26413,
DV,1,1.7,1,
DV,1,1.7,1,
DV,1,1.7,1,
DV,1,1.7,2,
DV,1,1.7,1,
DV,1,1.7,7,
DV,1,1.7,1,
DV,1,1.7,1,
DV,1,1.7,1,
DV,1,1.7,1,
DV,1,1.7,1,
DV,1,1.7,3,
DV,1,1.7,25,
DV,1,1.7,455,
DV,1,1.7,1,
DV,1,1.7,1,
DV,1,1.7,1,
DV,1,1.7,1,
DV,1,1.7,2,
DV,1,1.7,2,
DV,1,1.7,7,
DV,1,1.7,3,
DV,1,1.7,1,
DV,1,1.7,1,
DV,1,1.7,3,
DV,1,1.7,1,
DV,1,1.7,17,
DV,1,1.7,22,
DV,1,1.7,2,
DV,1,1.7,2,
DV,1,1.7,1,
DV,1,1.7,1,
DV,1,1.7,1,
DV,1,1.7,20,
DV,1,1.7,1,
DV,1,1.7,2,
DV,1,1.7,1,
DV,1,1.7,1,
DV,1,1.7,1,
DV,1,1.7,4,
DV,1,1.7,36,
DV,1,1.7,2,
DV,1,1.7,3,
DV,1,1.7,1,
DV,1,1.7,1,
DV,1,1.7,6,
DV,1,1.7,3,
DV,1,1.7,12,
DV,1,1.7,1,
DV,1,1.7,1,
DV,1,1.7,2,
DV,1,1.7,15,
DV,1,1.7,2,
DV,1,1.7,1,
DV,1,1.7,7,
DV,1,1.7,1,
DV,1,1.7,1,
DV,1,1.7,1,
DV,1,1.7,1,
DV,1,1.7,5,
DV,1,1.7,1,
DV,1,1.7,73,
DV,1,1.7,1,
DV,1,1.7,1,
DV,1,1.7,1,
DV,1,1.7,2,
DV,1,1.7,11,
DV,1,1.7,1,
DV,1,1.7,7,
DV,1,1.7,1,
DV,1,1.7,1,
DV,1,1.7,1,
DV,1,1.7,1,
DV,1,1.7,1,
DV,1,1.7,1,
DV,1,1.7,920,
DV,1,1.7,1021,
DV,1,1.7,4,
DV,1,1.7,1,
DV,1,1.7,1,
DV,1,1.7,400,
DV,1,1.7,1,
DV,1,1.7,1,
DV,1,1.7,1,
DV,1,1.7,1,
DV,1,1.7,1,
DV,1,1.7,1,
DV,1,1.7,76,
DV,1,1.7,1,
DV,1,1.7,1,
DV,1,1.7,2,
DV,1,1.7,1,
DV,1,1.7,1,
DV,1,1.7,1,
DV,1,1.7,5,
DV,1,1.7,1,
DV,1,1.7,4,
DV,1,1.7,5,
DV,1,1.7,1,
DV,1,1.7,19,
DV,1,1.7,2,
DV,1,1.7,3,
DV,1,1.7,1,
DV,1,1.7,1,
DV,1,1.7,48,
DV,1,1.7,5,
DV,1,1.7,1,
DV,1,1.7,969,
DV,1,1.7,1,
DV,1,1.7,1,
DV,1,1.7,1,
DV,1,1.7,1,
DV,1,1.7,92,
DV,1,1.7,2,
DV,1,1.7,1,
DV,1,1.7,2,
DV,1,1.7,1,
DV,1,1.7,1,
DV,1,1.7,1,
DV,1,1.7,8,
DV,1,1.7,7173,
DV,1,1.7,1,
DV,1,1.7,1,
DV,1,1.7,59,
DV,1,1.7,132,
DV,1,1.7,1,
DV,1,1.7,1,
DV,1,1.7,7,
DV,1,1.7,2,
DV,1,1.7,1,
DV,1,1.7,1,
DV,1,1.7,2,
DV,1,1.7,1,
DV,1,1.7,1,
DV,1,1.7,5,
DV,1,1.7,1,
DV,1,1.7,141,
DV,1,1.7,1,
DV,1,1.7,5,
DV,1,1.7,2,
DV,1,1.7,23,
DV,1,1.7,42,
DV,1,1.7,1,
DV,1,1.7,1,
DV,1,1.7,1,
DV,1,1.7,33,
DV,1,1.7,1,
DV,1,1.7,84,
DV,1,1.7,1,
DV,1,1.7,2,
DV,1,1.7,1,
DV,1,1.7,1,
DV,1,1.7,1,
DV,1,1.7,6,
DV,1,1.7,1,
DV,1,1.7,4,
DV,1,1.7,109,
DV,1,1.7,1,
DV,1,1.7,1,
DV,1,1.7,1,
DV,1,1.7,1,
DV,1,1.7,1,
DV,1,1.7,1,
DV,1,1.7,8,
DV,1,1.7,5,
DV,1,1.7,3,
DV,1,1.7,1,
DV,1,1.7,148,
DV,1,1.7,1,
DV,1,1.7,1,
DV,1,1.7,4,
DV,1,1.7,1,
DV,1,1.7,25,
DV,1,1.7,2,
DV,1,1.7,2,
DV,1,1.7,1,
DV,1,1.7,1,
DV,1,1.7,3491,
DV,1,1.7,4,
DV,1,1.7,2,
DV,1,1.7,1,
DV,1,1.7,20,
DV,1,1.7,1,
DV,1,1.7,3,
DV,1,1.7,3,
DV,1,1.7,1,
DV,1,1.7,7,
DV,1,1.7,12,
DV,1,1.7,2,
DV,1,1.7,1,
DV,1,1.7,2,
DV,1,1.7,1,
DV,1,1.7,9,
DV,1,1.7,2,
DV,1,1.7,114,
DV,1,1.7,1,
DV,1,1.7,21,
DV,1,1.7,1,
DV,1,1.7,1,
DV,1,1.7,1,
DV,1,1.7,2,
DV,1,1.7,2,
DV,1,1.7,2,
DV,1,1.7,6,
DV,1,1.7,3,
DV,1,1.7,11,
DV,1,1.7,1,
DV,1,1.7,3,
DV,1,1.7,1,
DV,1,1.7,1,
DV,1,1.7,1,
DV,1,1.7,2,
DV,1,1.7,1,
DV,1,1.7,2,
DV,1,1.7,1,
DV,1,1.7,1,
DV,1,1.7,1,
DV,1,1.7,1,
DV,1,1.7,3385,
DV,1,1.7,110,
DV,1,1.7,1,
DV,1,1.7,188,
DV,1,1.7,1,
DV,1,1.7,2,
DV,1,1.7,2,
DV,1,1.7,1,
DV,1,1.7,1,
DV,1,1.7,7,
DV,1,1.7,5,
DV,1,1.7,1,
DV,1,1.7,2,
DV,1,1.7,1,
DV,1,1.7,471,
DV,1,1.7,1,
DV,1,1.7,2935,
DV,1,1.7,3,
DV,1,1.7,1,
DV,1,1.7,4,
DV,1,1.7,6,
DV,1,1.7,10,
DV,1,1.7,2,
DV,1,1.7,4,
DV,1,1.7,2,
DV,1,1.7,2,
DV,1,1.7,1,
DV,1,1.7,2,
DV,1,1.7,1,
DV,1,1.7,92,
DV,1,1.7,282,
DV,1,1.7,1,
DV,1,1.7,1,
DV,1,1.7,1,
DV,1,1.7,1,
DV,1,1.7,71,
DV,1,1.7,1,
DV,1,1.7,1,
DV,1,1.7,22,
DV,1,1.7,2,
DV,1,1.7,1,
DV,1,1.7,1,
DV,1,1.7,2764,
DV,1,1.7,1080,
DV,1,1.7,1,
DV,1,1.7,1,
DV,1,1.7,4,
DV,1,1.7,1,
DV,1,1.7,13,
DV,1,1.7,1,
DV,1,1.7,1,
DV,1,1.7,76,
DV,1,1.7,1,
DV,1,1.7,1,
DV,1,1.7,2,
DV,1,1.7,13,
DV,1,1.7,5,
DV,1,1.7,1,
DV,1,1.7,2,
DV,1,1.7,1,
DV,1,1.7,19,
DV,1,1.7,1,
DV,1,1.7,1,
DV,1,1.7,5,
DV,1,1.7,1,
DV,1,1.7,2,
DV,1,1.7,1,
DV,1,1.7,2,
DV,1,1.7,24,
DV,1,1.7,2,
DV,1,1.7,1,
DV,1,1.7,1,
DV,1,1.7,1,
DV,1,1.7,1,
DV,1,1.7,26,
DV,1,1.7,1,
DV,1,1.7,1,
DV,1,1.7,4,
DV,1,1.7,1,
DV,1,1.7,35,
DV,1,1.7,228,
DV,1,1.7,1,
DV,1,1.7,1,
DV,1,1.7,3,
DV,1,1.7,160,
DV,1,1.7,2,
DV,1,1.7,13,
DV,1,1.7,1,
DV,1,1.7,1,
DV,1,1.7,3,
DV,1,1.7,278,
DV,1,1.7,1,
DV,1,1.7,2,
DV,1,1.7,1,
DV,1,1.7,2381,
DV,1,1.7,3,
DV,1,1.7,1,
DV,1,1.7,2,
DV,1,1.7,1,
DV,1,1.7,1,
DV,1,1.7,1,
DV,1,1.7,1,
DV,1,1.7,1,
DV,1,1.7,1,
DV,1,1.7,4,
DV,1,1.7,2,
DV,1,1.7,2,
DV,1,1.7,839,
DV,1,1.7,1,
DV,1,1.7,3,
DV,1,1.7,31,
DV,1,1.7,1,
DV,1,1.7,8,
DV,1,1.7,41,
DV,1,1.7,4,
DV,1,1.7,5,
DV,1,1.7,1,
DV,1,1.7,9,
DV,1,1.7,1,
DV,1,1.7,1,
DV,1,1.7,1,
DV,1,1.7,1,
DV,1,1.7,1,
DV,1,1.7,1,
DV,1,1.7,5,
DV,1,1.7,1,
DV,1,1.7,1,
DV,1,1.7,6,
DV,1,1.7,21,
DV,1,1.7,1,
DV,1,1.7,3,
DV,1,1.7,1,
DV,1,1.7,1,
DV,1,1.7,10,
DV,1,1.7,9,
DV,1,1.7,3,
DV,1,1.7,3,
DV,1,1.7,17,
DV,1,1.7,40,
DV,1,1.7,1,
DV,1,1.7,3,
DV,1,1.7,3,
DV,1,1.7,1,
DV,1,1.7,1,
DV,1,1.7,1,
DV,1,1.7,3,
DV,1,1.7,1,
DV,1,1.7,3,
DV,1,1.7,12,
DV,1,1.7,2,
DV,1,1.7,1,
DV,1,1.7,433,
DV,1,1.7,1,
DV,1,1.7,1,
DV,1,1.7,1,
DV,1,1.7,2,
DV,1,1.7,1,
DV,1,1.7,1,
DV,1,1.7,23,
DV,1,1.7,18,
DV,1,1.7,4,
DV,1,1.7,1,
DV,1,1.7,25,
DV,1,1.7,1,
DV,1,1.7,1,
DV,1,1.7,1,
DV,1,1.7,522,
DV,1,1.7,1,
DV,1,1.7,1,
DV,1,1.7,1,
DV,1,1.7,1,
DV,1,1.7,1,
DV,1,1.7,2,
DV,1,1.7,1,
DV,1,1.7,2,
DV,1,1.7,13,
DV,1,1.7,22,
DV,1,1.7,1,
DV,1,1.7,1,
DV,1,1.7,2,
DV,1,1.7,2,
DV,1,1.7,2,
DV,1,1.7,13,
DV,1,1.7,3,
DV,1,1.7,1,
DV,1,1.7,1,
DV,1,1.7,1,
DV,1,1.7,4,
DV,1,1.7,2,
DV,1,1.7,4,
DV,1,1.7,51,
DV,1,1.7,1,
DV,1,1.7,2,
DV,1,1.7,2,
DV,1,1.7,1,
DV,1,1.7,90,
DV,1,1.7,416,
DV,1,1.7,1,
DV,1,1.7,2,
DV,1,1.7,1,
DV,1,1.7,2,
DV,1,1.7,229,
DV,1,1.7,4,
DV,1,1.7,131,
DV,1,1.7,127,
DV,1,1.7,2,
DV,1,1.7,2,
DV,1,1.7,249,
DV,1,1.7,9,
DV,1,1.7,8,
DV,1,1.7,2,
DV,1,1.7,1,
DV,1,1.7,1,
DV,1,1.7,2,
DV,1,1.7,1,
DV,1,1.7,1,
DV,1,1.7,1,
DV,1,1.7,1,
DV,1,1.7,5,
DV,1,1.7,2,
DV,1,1.7,1,
DV,1,1.7,1,
DV,1,1.7,1,
DV,1,1.7,2,
DV,1,1.7,221,
DV,1,1.7,1,
DV,1,1.7,1,
DV,1,1.7,1,
DV,1,1.7,1,
DV,1,1.7,2,
DV,1,1.7,5,
DV,1,1.7,1328,
DV,1,1.7,1,
DV,1,1.7,1,
DV,1,1.7,2,
DV,1,1.7,4,
DV,1,1.7,1,
DV,1,1.7,4,
DV,1,1.7,661,
DV,1,1.7,4,
DV,1,1.7,4,
DV,1,1.7,1,
DV,1,1.7,8,
DV,1,1.7,4,
DV,1,1.7,1,
DV,1,1.7,1,
DV,1,1.7,1,
DV,1,1.7,1,
DV,1,1.7,1,
DV,1,1.7,1,
DV,1,1.7,3502,
DV,1,1.7,1,
DV,1,1.7,1,
DV,1,1.7,1,
DV,1,1.7,1,
DV,1,1.7,1,
DV,1,1.7,1,
DV,1,1.7,1,
DV,1,1.7,28,
DV,1,1.7,1,
DV,1,1.7,1,
DV,1,1.7,1,
DV,1,1.7,1,
DV,1,1.7,1,
DV,1,1.7,4,
DV,1,1.7,50,
DV,1,1.7,1,
DV,1,1.7,1,
DV,1,1.7,2,
DV,1,1.7,1,
DV,1,1.7,1,
DV,1,1.7,3,
DV,1,1.7,3,
DV,1,1.7,1,
DV,1,1.7,144,
DV,1,1.7,3,
DV,1,1.7,23,
DV,1,1.7,12,
DV,1,1.7,1,
DV,1,1.7,1,
DV,1,1.7,1,
DV,1,1.7,1,
DV,1,1.7,1,
DV,1,1.7,514,
DV,1,1.7,2,
DV,1,1.7,1,
DV,1,1.7,2,
DV,1,1.7,1,
DV,1,1.7,11,
DV,1,1.7,41,
DV,1,1.7,3,
DV,1,1.7,1,
DV,1,1.7,4,
DV,1,1.7,1,
DV,1,1.7,1,
DV,1,1.7,1,
DV,1,1.7,1,
DV,1,1.7,3,
DV,1,1.7,4,
DV,1,1.7,1,
DV,1,1.7,3,
DV,1,1.7,3,
DV,1,1.7,6,
DV,1,1.7,3,
DV,1,1.7,13,
DV,1,1.7,2,
DV,1,1.7,7,
DV,1,1.7,1,
DV,1,1.7,1,
DV,1,1.7,1,
DV,1,1.7,8,
DV,1,1.7,1,
DV,1,1.7,1,
DV,1,1.7,3,
DV,1,1.7,4,
DV,1,1.7,1,
DV,1,1.7,33,
DV,1,1.7,1,
DV,1,1.7,1,
DV,1,1.7,1,
DV,1,1.7,2,
DV,1,1.7,1,
DV,1,1.7,1,
DV,1,1.7,1,
DV,1,1.7,2,
DV,1,1.7,1,
DV,1,1.7,1,
DV,1,1.7,118,
DV,1,1.7,2,
DV,1,1.7,1,
DV,1,1.7,1,
DV,1,1.7,1,
DV,1,1.7,7,
DV,1,1.7,3,
DV,1,1.7,2,
DV,1,1.7,1,
DV,1,1.7,2,
DV,1,1.7,2,
DV,1,1.7,1,
DV,1,1.7,1,
DV,1,1.7,3,
DV,1,1.7,1,
DV,1,1.7,10,
DV,1,1.7,1,
DV,1,1.7,14,
DV,1,1.7,2,
DV,1,1.7,2,
DV,1,1.7,4,
DV,1,1.7,1,
DV,1,1.7,231,
DV,1,1.7,1,
DV,1,1.7,2,
DV,1,1.7,1,
DV,1,1.7,1,
DV,1,1.7,1,
DV,1,1.7,1,
DV,1,1.7,1,
DV,1,1.7,6,
DV,1,1.7,95,
DV,1,1.7,1,
DV,1,1.7,2,
DV,1,1.7,1,
DV,1,1.7,3,
DV,1,1.7,1,
DV,1,1.7,2,
DV,1,1.7,1,
DV,1,1.7,1,
DV,1,1.7,1,
DV,1,1.7,1,
DV,1,1.7,1,
DV,1,1.7,1,
DV,1,1.7,2,
DV,1,1.7,1,
DV,1,1.7,1,
DV,1,1.7,2,
DV,1,1.7,35,
DV,1,1.7,1,
DV,1,1.7,1,
DV,1,1.7,2,
DV,1,1.7,14,
DV,1,1.7,2,
DV,1,1.7,1,
DV,1,1.7,6,
DV,1,1.7,1,
DV,1,1.7,12,
DV,1,1.7,1,
DV,1,1.7,47,
DV,1,1.7,1,
DV,1,1.7,19,
DV,1,1.7,2,
DV,1,1.7,22,
DV,1,1.7,1,
DV,1,1.7,2,
DV,1,1.7,1,
DV,1,1.7,1,
DV,1,1.7,1,
DV,1,1.7,1,
DV,1,1.7,467,
DV,1,1.7,1,
DV,1,1.7,1,
DV,1,1.7,1,
DV,1,1.7,19,
DV,1,1.7,1,
DV,1,1.7,1,
DV,1,1.7,1,
DV,1,1.7,5,
DV,1,1.7,4,
DV,1,1.7,1,
DV,1,1.7,2,
DV,1,1.7,44,
DV,1,1.7,2,
DV,1,1.7,1,
DV,1,1.7,37,
DV,1,1.7,1,
DV,1,1.7,1,
DV,1,1.7,2,
DV,1,1.7,1,
DV,1,1.7,1,
DV,1,1.7,1,
DV,1,1.7,2,
DV,1,1.7,1,
DV,1,1.7,1,
DV,1,1.7,1,
DV,1,1.7,1,
DV,1,1.7,241,
DV,1,1.7,2,
DV,1,1.7,2,
DV,1,1.7,1,
DV,1,1.7,1,
DV,1,1.7,1,
DV,1,1.7,6,
DV,1,1.7,1,
DV,1,1.7,1,
DV,1,1.7,4,
DV,1,1.7,95,
DV,1,1.7,2,
DV,1,1.7,1,
DV,1,1.7,1,
DV,1,1.7,4,
DV,1,1.7,95,
DV,1,1.7,2,
DV,1,1.7,18560,
DV,1,1.7,1263,
DV,1,1.7,5,
DV,1,1.7,250,
DV,1,1.7,5,
DV,1,1.7,1,
DV,1,1.7,1,
DV,1,1.7,66,
DV,1,1.7,2,
DV,1,1.7,14,
DV,1,1.7,2,
DV,1,1.7,9,
DV,1,1.7,1,
DV,1,1.7,3,
DV,1,1.7,1,
DV,1,1.7,1,
DV,1,1.7,3,
DV,1,1.7,1,
DV,1,1.7,2,
DV,1,1.7,16,
DV,1,1.7,554,
DV,1,1.7,1,
DV,1,1.7,1,
DV,1,1.7,4,
DV,1,1.7,1,
DV,1,1.7,1,
DV,1,1.7,3,
DV,1,1.7,21,
DV,1,1.7,73,
DV,1,1.7,1,
DV,1,1.7,576,
DV,1,1.7,1,
DV,1,1.7,2,
DV,1,1.7,57,
DV,1,1.7,1,
DV,1,1.7,2,
DV,1,1.7,1,
DV,1,1.7,1,
DV,1,1.7,1230,
DV,1,1.7,2,
DV,1,1.7,2458,
DV,1,1.7,1,
DV,1,1.7,1,
DV,1,1.7,2,
DV,1,1.7,1,
DV,1,1.7,1,
DV,1,1.7,1,
DV,1,1.7,1,
DV,1,1.7,349,
DV,1,1.7,1,
DV,1,1.7,1,
DV,1,1.7,1,
DV,1,1.7,1,
DV,1,1.7,2,
DV,1,1.7,1,
DV,1,1.7,3,
DV,1,1.7,15,
DV,1,1.7,2,
DV,1,1.7,1,
DV,1,1.7,1,
DV,1,1.7,1,
DV,1,1.7,2,
DV,1,1.7,5,
DV,1,1.7,3,
DV,1,1.7,2,
DV,1,1.7,69,
DV,1,1.7,1,
DV,1,1.7,1,
DV,1,1.7,20,
DV,1,1.7,190,
DV,1,1.7,1,
DV,1,1.7,1,
DV,1,1.7,1,
DV,1,1.7,1,
DV,1,1.7,6,
DV,1,1.7,1,
DV,1,1.7,4,
DV,1,1.7,1,
DV,1,1.7,1,
DV,1,1.7,3,
DV,1,1.7,1,
DV,1,1.7,7,
DV,1,1.7,1,
DV,1,1.7,1,
DV,1,1.7,1,
DV,1,1.7,2,
DV,1,1.7,1,
DV,1,1.7,1,
DV,1,1.7,1,
DV,1,1.7,1,
DV,1,1.7,1,
DV,1,1.7,1,
DV,1,1.7,1,
DV,1,1.7,1,
DV,1,1.7,1,
DV,1,1.7,3,
DV,1,1.7,24,
DV,1,1.7,1,
DV,1,1.7,16,
DV,1,1.7,1,
DV,1,1.7,3,
DV,1,1.7,1,
DV,1,1.7,12,
DV,1,1.7,5,
DV,1,1.7,6,
DV,1,1.7,1,
DV,1,1.7,3,
DV,1,1.7,1034,
DV,1,1.7,437,
DV,1,1.7,1,
DV,1,1.7,16,
DV,1,1.7,188,
DV,1,1.7,1,
DV,1,1.7,1,
DV,1,1.7,5,
DV,1,1.7,5461,
DV,1,1.7,6,
DV,1,1.7,1,
DV,1,1.7,1,
DV,1,1.7,2,
DV,1,1.7,1,
DV,1,1.7,1,
DV,1,1.7,4,
DV,1,1.7,1,
DV,1,1.7,1,
DV,1,1.7,1,
DV,1,1.7,1,
DV,1,1.7,2,
DV,1,1.7,1,
DV,1,1.7,1,
DV,1,1.7,1,
DV,1,1.7,50,
DV,1,1.7,2,
DV,1,1.7,1,
DV,1,1.7,4,
DV,1,1.7,1,
DV,1,1.7,2,
DV,1,1.7,1,
DV,1,1.7,14,
DV,1,1.7,2,
DV,1,1.7,1,
DV,1,1.7,1,
DV,1,1.7,960,
DV,1,1.7,1,
DV,1,1.7,1,
DV,1,1.7,1,
DV,1,1.7,1,
DV,1,1.7,1,
DV,1,1.7,1,
DV,1,1.7,1,
DV,1,1.7,3,
DV,1,1.7,1,
DV,1,1.7,1,
DV,1,1.7,1,
DV,1,1.7,1,
DV,1,1.7,1,
DV,1,1.7,1,
DV,1,1.7,1,
DV,1,1.7,1,
DV,1,1.7,2,
DV,1,1.7,1,
DV,1,1.7,1,
DV,1,1.7,1642,
DV,1,1.7,13,
DV,1,1.7,2,
DV,1,1.7,1,
DV,1,1.7,1,
DV,1,1.7,20,
DV,1,1.7,9,
DV,1,1.7,1,
DV,1,1.7,4,
DV,1,1.7,1,
DV,1,1.7,9,
DV,1,1.7,250,
DV,1,1.7,1,
DV,1,1.7,3,
DV,1,1.7,1,
DV,1,1.7,113,
DV,1,1.7,37,
DV,1,1.7,1,
DV,1,1.7,10,
DV,1,1.7,484,
DV,1,1.7,1,
DV,1,1.7,36,
DV,1,1.7,6,
DV,1,1.7,296,
DV,1,1.7,2,
DV,1,1.7,439,
DV,1,1.7,9,
DV,1,1.7,3,
DV,1,1.7,5144,
DV,1,1.7,100,
DV,1,1.7,1,
DV,1,1.7,1,
DV,1,1.7,1,
DV,1,1.7,431,
DV,1,1.7,1,
DV,1,1.7,1,
DV,1,1.7,1,
DV,1,1.7,1,
DV,1,1.7,14,
DV,1,1.7,164,
DV,1,1.7,1,
DV,1,1.7,365,
DV,1,1.7,1,
DV,1,1.7,1,
DV,1,1.7,1,
DV,1,1.7,1,
DV,1,1.7,2,
DV,1,1.7,2,
DV,1,1.7,1,
DV,1,1.7,1,
DV,1,1.7,1,
DV,1,1.7,1,
DV,1,1.7,2,
DV,1,1.7,1,
DV,1,1.7,4,
DV,1,1.7,1,
DV,1,1.7,1,
DV,1,1.7,2,
DV,1,1.7,1,
DV,1,1.7,50,
DV,1,1.7,234,
DV,1,1.7,2,
DV,1,1.7,2,
DV,1,1.7,1,
DV,1,1.7,1,
DV,1,1.7,1,
DV,1,1.7,5,
DV,1,1.7,1,
DV,1,1.7,2,
DV,1,1.7,1,
DV,1,1.7,4,
DV,1,1.7,10,
DV,1,1.7,1,
DV,1,1.7,1,
DV,1,1.7,1,
DV,1,1.7,3,
DV,1,1.7,12,
DV,1,1.7,19,
DV,1,1.7,1,
DV,1,1.7,1,
DV,1,1.7,4,
DV,1,1.7,1,
DV,1,1.7,1,
DV,1,1.7,1,
DV,1,1.7,5,
DV,1,1.7,1,
DV,1,1.7,1,
DV,1,1.7,2,
DV,1,1.7,1,
DV,1,1.7,48,
DV,1,1.7,2,
DV,1,1.7,3,
DV,1,1.7,1,
DV,1,1.7,1,
DV,1,1.7,1,
DV,1,1.7,88,
DV,1,1.7,6,
DV,1,1.7,1,
DV,1,1.7,43,
DV,1,1.7,3,
DV,1,1.7,1,
DV,1,1.7,21,
DV,1,1.7,7,
DV,1,1.7,1,
DV,1,1.7,2,
DV,1,1.7,9,
DV,1,1.7,1,
DV,1,1.7,23,
DV,1,1.7,1,
DV,1,1.7,2,
DV,1,1.7,1,
DV,1,1.7,1,
DV,1,1.7,1,
DV,1,1.7,2,
DV,1,1.7,1,
DV,1,1.7,3,
DV,1,1.7,5,
DV,1,1.7,1,
DV,1,1.7,6,
DV,1,1.7,55,
DV,1,1.7,1,
DV,1,1.7,1,
DV,1,1.7,2,
DV,1,1.7,3,
DV,1,1.7,1,
DV,1,1.7,262,
DV,1,1.7,1,
DV,1,1.7,1,
DV,1,1.7,1,
DV,1,1.7,1,
DV,1,1.7,1,
DV,1,1.7,20,
DV,1,1.7,1,
DV,1,1.7,1,
DV,1,1.7,1,
DV,1,1.7,1,
DV,1,1.7,6,
DV,1,1.7,7,
DV,1,1.7,4,
DV,1,1.7,330,
DV,1,1.7,1,
DV,1,1.7,1,
DV,1,1.7,6,
DV,1,1.7,38,
DV,1,1.7,1,
DV,1,1.7,2491,
DV,1,1.7,3,
DV,1,1.7,1,
DV,1,1.7,939,
DV,1,1.7,1,
DV,1,1.7,4,
DV,1,1.7,3,
DV,1,1.7,1,
DV,1,1.7,1,
DV,1,1.7,1,
DV,1,1.7,38,
DV,1,1.7,1,
DV,1,1.7,1,
DV,1,1.7,2,
DV,1,1.7,1,
DV,1,1.7,27,
DV,1,1.7,7,
DV,1,1.7,6,
DV,1,1.7,2,
DV,1,1.7,1,
DV,1,1.7,1,
DV,1,1.7,59,
DV,1,1.7,1,
DV,1,1.7,18,
DV,1,1.7,2,
DV,1,1.7,932,
DV,1,1.7,1,
DV,1,1.7,2,
DV,1,1.7,1,
DV,1,1.7,1,
DV,1,1.7,1,
DV,1,1.7,24389,
DV,1,1.7,21286,
IMV,1,1,1,
IMV,1,1,1,
IMV,1,1,3,
IMV,1,1,1,
IMV,1,1,3,
IMV,1,1,13,
IMV,1,1,12,
IMV,1,1,167,
IMV,1,1,1,
IMV,1,1,1,
IMV,1,1,1,
IMV,1,1,1,
IMV,1,1,1,
IMV,1,1,1,
IMV,1,1,1,
IMV,1,1,2,
IMV,1,1,1,
IMV,1,1,1,
IMV,1,1,5,
IMV,1,1,1,
IMV,1,1,2,
IMV,1,1,1,
IMV,1,1,2,
IMV,1,1,1,
IMV,1,1,1,
IMV,1,1,1,
IMV,1,1,2,
IMV,1,1,2,
IMV,1,1,1,
IMV,1,1,9,
IMV,1,1,7,
IMV,1,1,1,
IMV,1,1,1,
IMV,1,1,1,
IMV,1,1,1,
IMV,1,1,2,
IMV,1,1,7,
IMV,1,1,1,
IMV,1,1,2,
IMV,1,1,1,
IMV,1,1,1,
IMV,1,1,2,
IMV,1,1,1,
IMV,1,1,1,
IMV,1,1,3,
IMV,1,1,1,
IMV,1,1,4,
IMV,1,1,1,
IMV,1,1,2,
IMV,1,1,1,
IMV,1,1,1,
IMV,1,1,1,
IMV,1,1,1,
IMV,1,1,13,
IMV,1,1,2,
IMV,1,1,1,
IMV,1,1,1,
IMV,1,1,1,
IMV,1,1,2,
IMV,1,1,1,
IMV,1,1,1,
IMV,1,1,1,
IMV,1,1,3,
IMV,1,1,1,
IMV,1,1,6,
IMV,1,1,1,
IMV,1,1,1,
IMV,1,1,4,
IMV,1,1,1,
IMV,1,1,2,
IMV,1,1,2,
IMV,1,1,1,
IMV,1,1,1,
IMV,1,1,1,
IMV,1,1,1,
IMV,1,1,1,
IMV,1,1,208,
IMV,1,1,2915,
IMV,1,1,2,
IMV,1,1,4,
IMV,1,1,1,
IMV,1,1,1,
IMV,1,1,1,
IMV,1,1,1,
IMV,1,1,1,
IMV,1,1,1,
IMV,1,1,2,
IMV,1,1,1,
IMV,1,1,1,
IMV,1,1,1,
IMV,1,1,2,
IMV,1,1,2,
IMV,1,1,1,
IMV,1,1,2,
IMV,1,1,1,
IMV,1,1,1,
IMV,1,1,1,
IMV,1,1,1,
IMV,1,1,1,
IMV,1,1,1,
IMV,1,1,1,
IMV,1,1,1,
IMV,1,1,1,
IMV,1,1,1,
IMV,1,1,1,
IMV,1,1,2,
IMV,1,1,1,
IMV,1,1,1,
IMV,1,1,10,
IMV,1,1,1,
IMV,1,1,2,
IMV,1,1,1,
IMV,1,1,1,
IMV,1,1,1,
IMV,1,1,1,
IMV,1,1,161,
IMV,1,1,199,
IMV,1,1,1,
IMV,1,1,5,
IMV,1,1,10,
IMV,1,1,1,
IMV,1,1,554,
IMV,1,1,1,
IMV,1,1,1,
IMV,1,1,2,
IMV,1,1,1,
IMV,1,1,1,
IMV,1,1,1,
IMV,1,1,3,
IMV,1,1,2,
IMV,1,1,1,
IMV,1,1,129,
IMV,1,1,3,
IMV,1,1,1,
IMV,1,1,1,
IMV,1,1,1,
IMV,1,1,2,
IMV,1,1,2,
IMV,1,1,1,
IMV,1,1,1,
IMV,1,1,63,
IMV,1,1,1,
IMV,1,1,1,
IMV,1,1,1,
IMV,1,1,1,
IMV,1,1,1,
IMV,1,1,1,
IMV,1,1,1,
IMV,1,1,1,
IMV,1,1,2,
IMV,1,1,5,
IMV,1,1,10,
IMV,1,1,2,
IMV,1,1,1,
IMV,1,1,1,
IMV,1,1,1,
IMV,1,1,1,
IMV,1,1,1,
IMV,1,1,2,
IMV,1,1,1,
IMV,1,1,3,
IMV,1,1,1,
IMV,1,1,2,
IMV,1,1,1,
IMV,1,1,1,
IMV,1,1,1,
IMV,1,1,4,
IMV,1,1,1,
IMV,1,1,3,
IMV,1,1,1,
IMV,1,1,3,
IMV,1,1,1,
IMV,1,1,11,
IMV,1,1,1,
IMV,1,1,1,
IMV,1,1,10,
IMV,1,1,12,
IMV,1,1,1,
IMV,1,1,4,
IMV,1,1,1,
IMV,1,1,1,
IMV,1,1,1,
IMV,1,1,2,
IMV,1,1,1,
IMV,1,1,4,
IMV,1,1,2,
IMV,1,1,4,
IMV,1,1,1,
IMV,1,1,1,
IMV,1,1,1,
IMV,1,1,2,
IMV,1,1,2,
IMV,1,1,24,
IMV,1,1,22,
IMV,1,1,2,
IMV,1,1,1,
IMV,1,1,1,
IMV,1,1,1,
IMV,1,1,8,
IMV,1,1,4,
IMV,1,1,1,
IMV,1,1,1,
IMV,1,1,77,
IMV,1,1,12,
IMV,1,1,1,
IMV,1,1,1,
IMV,1,1,2,
IMV,1,1,1,
IMV,1,1,1,
IMV,1,1,1,
IMV,1,1,3,
IMV,1,1,2,
IMV,1,1,1,
IMV,1,1,6,
IMV,1,1,1,
IMV,1,1,1,
IMV,1,1,1,
IMV,1,1,1,
IMV,1,1,1,
IMV,1,1,1,
IMV,1,1,1,
IMV,1,1,1,
IMV,1,1,3,
IMV,1,1,2,
IMV,1,1,2,
IMV,1,1,10,
IMV,1,1,1,
IMV,1,1,563,
IMV,1,1,1,
IMV,1,1,1,
IMV,1,1,2,
IMV,1,1,2,
IMV,1,1,1,
IMV,1,1,1,
IMV,1,1,1,
IMV,1,1,1,
IMV,1,1,1,
IMV,1,1,38,
IMV,1,1,1,
IMV,1,1,1,
IMV,1,1,7,
IMV,1,1,1,
IMV,1,1,1,
IMV,1,1,165,
IMV,1,1,2,
IMV,1,1,3,
IMV,1,1,895,
IMV,1,1,1,
IMV,1,1,255,
IMV,1,1,3,
IMV,1,1,1,
IMV,1,1,2,
IMV,1,1,1,
IMV,1,1,2,
IMV,1,1,2,
IMV,1,1,327,
IMV,1,1,3,
IMV,1,1,1,
IMV,1,1,1,
IMV,1,1,37,
IMV,1,1,1,
IMV,1,1,2,
IMV,1,1,1,
IMV,1,1,2,
IMV,1,1,186,
IMV,1,1,4,
IMV,1,1,8,
IMV,1,1,641,
IMV,1,1,6,
IMV,1,1,1,
IMV,1,1,3,
IMV,1,1,1,
IMV,1,1,1,
IMV,1,1,1,
IMV,1,1,44,
IMV,1,1,2,
IMV,1,1,1,
IMV,1,1,13,
IMV,1,1,1,
IMV,1,1,1,
IMV,1,1,1,
IMV,1,1,2,
IMV,1,1,1,
IMV,1,1,2,
IMV,1,1,1,
IMV,1,1,1,
IMV,1,1,1,
IMV,1,1,2,
IMV,1,1,1,
IMV,1,1,1,
IMV,1,1,1,
IMV,1,1,1,
IMV,1,1,2,
IMV,1,1,3,
IMV,1,1,1,
IMV,1,1,1,
IMV,1,1,2,
IMV,1,1,1,
IMV,1,1,5,
IMV,1,1,2,
IMV,1,1,469,
IMV,1,1,1,
IMV,1,1,1,
IMV,1,1,1,
IMV,1,1,1,
IMV,1,1,1,
IMV,1,1,1,
IMV,1,1,5,
IMV,1,1,1,
IMV,1,1,73,
IMV,1,1,1,
IMV,1,1,1,
IMV,1,1,2,
IMV,1,1,1,
IMV,1,1,7,
IMV,1,1,1,
IMV,1,1,1,
IMV,1,1,1,
IMV,1,1,1,
IMV,1,1,1,
IMV,1,1,1,
IMV,1,1,1,
IMV,1,1,1,
IMV,1,1,1,
IMV,1,1,1,
IMV,1,1,1,
IMV,1,1,1,
IMV,1,1,1,
IMV,1,1,34,
IMV,1,1,1,
IMV,1,1,1,
IMV,1,1,4,
IMV,1,1,1,
IMV,1,1,1,
IMV,1,1,1,
IMV,1,1,1,
IMV,1,1,1,
IMV,1,1,1,
IMV,1,1,3,
IMV,1,1,1,
IMV,1,1,1,
IMV,1,1,1,
IMV,1,1,2,
IMV,1,1,1,
IMV,1,1,4,
IMV,1,1,1,
IMV,1,1,12,
IMV,1,1,1,
IMV,1,1,11,
IMV,1,1,13,
IMV,1,1,1,
IMV,1,1,1,
IMV,1,1,2,
IMV,1,1,1,
IMV,1,1,1,
IMV,1,1,1,
IMV,1,1,1,
IMV,1,1,1,
IMV,1,1,1,
IMV,1,1,10,
IMV,1,1,1,
IMV,1,1,15,
IMV,1,1,2,
IMV,1,1,1,
IMV,1,1,1,
IMV,1,1,1,
IMV,1,1,1,
IMV,1,1,1,
IMV,1,1,1,
IMV,1,1,1,
IMV,1,1,2,
IMV,1,1,3,
IMV,1,1,1,
IMV,1,1,1,
IMV,1,1,17,
IMV,1,1,1,
IMV,1,1,2,
IMV,1,1,1,
IMV,1,1,1,
IMV,1,1,8,
IMV,1,1,15,
IMV,1,1,1,
IMV,1,1,1,
IMV,1,1,1,
IMV,1,1,1,
IMV,1,1,59,
IMV,1,1,4,
IMV,1,1,22,
IMV,1,1,2,
IMV,1,1,1,
IMV,1,1,1,
IMV,1,1,9,
IMV,1,1,2,
IMV,1,1,1,
IMV,1,1,2,
IMV,1,1,5,
IMV,1,1,66,
IMV,1,1,1,
IMV,1,1,1,
IMV,1,1,1,
IMV,1,1,1,
IMV,1,1,4,
IMV,1,1,1,
IMV,1,1,1,
IMV,1,1,1,
IMV,1,1,1,
IMV,1,1,1,
IMV,1,1,2,
IMV,1,1,765,
IMV,1,1,1,
IMV,1,1,5,
IMV,1,1,7,
IMV,1,1,1,
IMV,1,1,2,
IMV,1,1,1,
IMV,1,1,1,
IMV,1,1,1,
IMV,1,1,1,
IMV,1,1,2,
IMV,1,1,1,
IMV,1,1,161,
IMV,1,1,5,
IMV,1,1,1,
IMV,1,1,1,
IMV,1,1,1,
IMV,1,1,2,
IMV,1,1,1,
IMV,1,1,40,
IMV,1,1,1,
IMV,1,1,30,
IMV,1,1,3,
IMV,1,1,1,
IMV,1,1,5,
IMV,1,1,1,
IMV,1,1,3,
IMV,1,1,1,
IMV,1,1,1,
IMV,1,1,15,
IMV,1,1,1,
IMV,1,1,2,
IMV,1,1,3,
IMV,1,1,1,
IMV,1,1,1,
IMV,1,1,13,
IMV,1,1,1,
IMV,1,1,1,
IMV,1,1,1,
IMV,1,1,1,
IMV,1,1,1,
IMV,1,1,4,
IMV,1,1,7,
IMV,1,1,12,
IMV,1,1,1,
IMV,1,1,2,
IMV,1,1,1,
IMV,1,1,1,
IMV,1,1,3,
IMV,1,1,1,
IMV,1,1,1,
IMV,1,1,106,
IMV,1,1,1,
IMV,1,1,4,
IMV,1,1,18,
IMV,1,1,1,
IMV,1,1,4,
IMV,1,1,6,
IMV,1,1,1,
IMV,1,1,1,
IMV,1,1,1,
IMV,1,1,2,
IMV,1,1,36,
IMV,1,1,4,
IMV,1,1,1,
IMV,1,1,1,
IMV,1,1,3,
IMV,1,1,1,
IMV,1,1,1,
IMV,1,1,5,
IMV,1,1,1,
IMV,1,1,3,
IMV,1,1,1,
IMV,1,1,136,
IMV,1,1,1,
IMV,1,1,1,
IMV,1,1,11,
IMV,1,1,6,
IMV,1,1,10,
IMV,1,1,1,
IMV,1,1,1,
IMV,1,1,1,
IMV,1,1,2,
IMV,1,1,1,
IMV,1,1,8,
IMV,1,1,112,
IMV,1,1,4,
IMV,1,1,2,
IMV,1,1,1,
IMV,1,1,3,
IMV,1,1,16,
IMV,1,1,1,
IMV,1,1,2,
IMV,1,1,1,
IMV,1,1,15,
IMV,1,1,2,
IMV,1,1,1,
IMV,1,1,7,
IMV,1,1,1,
IMV,1,1,1,
IMV,1,1,1,
IMV,1,1,1,
IMV,1,1,3,
IMV,1,1,1,
IMV,1,1,1,
IMV,1,1,1,
IMV,1,1,1,
IMV,1,1,1,
IMV,1,1,1,
IMV,1,1,1,
IMV,1,1,1,
IMV,1,1,13,
IMV,1,1,2,
IMV,1,1,1,
IMV,1,1,1,
IMV,1,1,1,
IMV,1,1,3,
IMV,1,1,2,
IMV,1,1,1,
IMV,1,1,2,
IMV,1,1,2,
IMV,1,1,1,
IMV,1,1,5,
IMV,1,1,1,
IMV,1,1,3,
IMV,1,1,3,
IMV,1,1,1,
IMV,1,1,2,
IMV,1,1,1,
IMV,1,1,2,
IMV,1,1,1,
IMV,1,1,2,
IMV,1,1,1,
IMV,1,1,1,
IMV,1,1,7,
IMV,1,1,1,
IMV,1,1,7,
IMV,1,1,1,
IMV,1,1,1,
IMV,1,1,3,
IMV,1,1,1,
IMV,1,1,1,
IMV,1,1,4,
IMV,1,1,1,
IMV,1,1,1,
IMV,1,1,3,
IMV,1,1,11,
IMV,1,1,1,
IMV,1,1,1,
IMV,1,1,1,
IMV,1,1,1,
IMV,1,1,2668,
IMV,1,1,1,
IMV,1,1,1,
IMV,1,1,1,
IMV,1,1,2,
IMV,1,1,1,
IMV,1,1,1,
IMV,1,1,5,
IMV,1,1,1,
IMV,1,1,1,
IMV,1,1,625,
IMV,1,1,1,
IMV,1,1,1,
IMV,1,1,5,
IMV,1,1,1,
IMV,1,1,1,
IMV,1,1,1,
IMV,1,1,1,
IMV,1,1,1,
IMV,1,1,108,
IMV,1,1,3,
IMV,1,1,1,
IMV,1,1,1,
IMV,1,1,3,
IMV,1,1,1,
IMV,1,1,1,
IMV,1,1,1,
IMV,1,1,1,
IMV,1,1,1,
IMV,1,1,1,
IMV,1,1,2,
IMV,1,1,2,
IMV,1,1,1,
IMV,1,1,1,
IMV,1,1,1,
IMV,1,1,12,
IMV,1,1,1,
IMV,1,1,1,
IMV,1,1,12,
IMV,1,1,1,
IMV,1,1,1,
IMV,1,1,1,
IMV,1,1,900,
IMV,1,1,83,
IMV,1,1,3,
IMV,1,1,1,
IMV,1,1,1,
IMV,1,1,5,
IMV,1,1,1,
IMV,1,1,1,
IMV,1,1,8,
IMV,1,1,192,
IMV,1,1,1,
IMV,1,1,1,
IMV,1,1,1,
IMV,1,1,3,
IMV,1,1,1,
IMV,1,1,1,
IMV,1,1,1,
IMV,1,1,1,
IMV,1,1,2,
IMV,1,1,1,
IMV,1,1,1,
IMV,1,1,1,
IMV,1,1,1,
IMV,1,1,1,
IMV,1,1,130,
IMV,1,1,1,
IMV,1,1,1,
IMV,1,1,6,
IMV,1,1,1,
IMV,1,1,1,
IMV,1,1,1,
IMV,1,1,1,
IMV,1,1,7,
IMV,1,1,1,
IMV,1,1,2,
IMV,1,1,2,
IMV,1,1,3,
IMV,1,1,2,
IMV,1,1,1,
IMV,1,1,1,
IMV,1,1,1,
IMV,1,1,1,
IMV,1,1,1,
IMV,1,1,1,
IMV,1,1,1,
IMV,1,1,1,
IMV,1,1,2,
IMV,1,1,5,
IMV,1,1,1,
IMV,1,1,1,
IMV,1,1,1,
IMV,1,1,6,
IMV,1,1,14,
IMV,1,1,1,
IMV,1,1,1,
IMV,1,1,1,
IMV,1,1,2,
IMV,1,1,1,
IMV,1,1,1,
IMV,1,1,16,
IMV,1,1,1,
IMV,1,1,2,
IMV,1,1,1,
IMV,1,1,1,
IMV,1,1,2,
IMV,1,1,1,
IMV,1,1,1,
IMV,1,1,258,
IMV,1,1,1,
IMV,1,1,1,
IMV,1,1,1,
IMV,1,1,1,
IMV,1,1,6,
IMV,1,1,1,
IMV,1,1,1,
IMV,1,1,1,
IMV,1,1,1,
IMV,1,1,1,
IMV,1,1,2,
IMV,1,1,6,
IMV,1,1,1,
IMV,1,1,1,
IMV,1,1,1,
IMV,1,1,1,
IMV,1,1,1,
IMV,1,1,2,
IMV,1,1,263,
IMV,1,1,1,
IMV,1,1,3,
IMV,1,1,4,
IMV,1,1,2,
IMV,1,1,1,
IMV,1,1,1,
IMV,1,1,1,
IMV,1,1,1,
IMV,1,1,1,
IMV,1,1,1,
IMV,1,1,1,
IMV,1,1,1,
IMV,1,1,1,
IMV,1,1,1,
IMV,1,1,1,
IMV,1,1,1,
IMV,1,1,1,
IMV,1,1,1,
IMV,1,1,1,
IMV,1,1,1,
IMV,1,1,1,
IMV,1,1,1,
IMV,1,1,1,
IMV,1,1,5,
IMV,1,1,1,
IMV,1,1,1,
IMV,1,1,1,
IMV,1,1,1,
IMV,1,1,5,
IMV,1,1,4,
IMV,1,1,30,
IMV,1,1,1,
IMV,1,1,1,
IMV,1,1,1,
IMV,1,1,6,
IMV,1,1,3,
IMV,1,1,1,
IMV,1,1,1,
IMV,1,1,28,
IMV,1,1,3,
IMV,1,1,1,
IMV,1,1,1,
IMV,1,1,1,
IMV,1,1,7,
IMV,1,1,10,
IMV,1,1,5,
IMV,1,1,103,
IMV,1,1,3,
IMV,1,1,5,
IMV,1,1,1,
IMV,1,1,1,
IMV,1,1,1,
IMV,1,1,3,
IMV,1,1,1,
IMV,1,1,1,
IMV,1,1,1,
IMV,1,1,1,
IMV,1,1,1,
IMV,1,1,1,
IMV,1,1,1,
IMV,1,1,2,
IMV,1,1,1,
IMV,1,1,1,
IMV,1,1,1,
IMV,1,1,2,
IMV,1,1,10,
IMV,1,1,3,
IMV,1,1,2,
IMV,1,1,10,
IMV,1,1,1,
IMV,1,1,2,
IMV,1,1,1,
IMV,1,1,32,
IMV,1,1,6,
IMV,1,1,3,
IMV,1,1,4,
IMV,1,1,2,
IMV,1,1,2,
IMV,1,1,5,
IMV,1,1,1,
IMV,1,1,4,
IMV,1,1,1,
IMV,1,1,1,
IMV,1,1,12,
IMV,1,1,4,
IMV,1,1,1,
IMV,1,1,1,
IMV,1,1,1,
IMV,1,1,7,
IMV,1,1,8,
IMV,1,1,6,
IMV,1,1,1,
IMV,1,1,2,
IMV,1,1,3,
IMV,1,1,1,
IMV,1,1,1,
IMV,1,1,7,
IMV,1,1,1,
IMV,1,1,1,
IMV,1,1,1,
IMV,1,1,1,
IMV,1,1,1,
IMV,1,1,1,
IMV,1,1,1,
IMV,1,1,1,
IMV,1,1,7,
IMV,1,1,1,
IMV,1,1,1,
IMV,1,1,1,
IMV,1,1,1,
IMV,1,1,7,
IMV,1,1,1,
IMV,1,1,2,
IMV,1,1,1,
IMV,1,1,333,
IMV,1,1,1,
IMV,1,1,28,
IMV,1,1,1,
IMV,1,1,1,
IMV,1,1,3,
IMV,1,1,1,
IMV,1,1,1,
IMV,1,1,1,
IMV,1,1,1,
IMV,1,1,2,
IMV,1,1,7,
IMV,1,1,1,
IMV,1,1,1,
IMV,1,1,1,
IMV,1,1,2,
IMV,1,1,1,
IMV,1,1,2,
IMV,1,1,23,
IMV,1,1,1,
IMV,1,1,2,
IMV,1,1,1,
IMV,1,1,1,
IMV,1,1,1,
IMV,1,1,1,
IMV,1,1,1,
IMV,1,1,5,
IMV,1,1,2,
IMV,1,1,2,
IMV,1,1,1,
IMV,1,1,1,
IMV,1,1,3,
IMV,1,1,12,
IMV,1,1,1,
IMV,1,1,1,
IMV,1,1,2,
IMV,1,1,4,
IMV,1,1,1,
IMV,1,1,1,
IMV,1,1,1,
IMV,1,1,1,
IMV,1,1,225,
IMV,1,1,1,
IMV,1,1,1,
IMV,1,1,1,
IMV,1,1,2,
IMV,1,1,7,
IMV,1,1,5,
IMV,1,1,3,
IMV,1,1,1,
IMV,1,1,19,
IMV,1,1,2,
IMV,1,1,1,
IMV,1,1,2,
IMV,1,1,4,
IMV,1,1,5,
IMV,1,1,5,
IMV,1,1,1,
IMV,1,1,2,
IMV,1,1,1,
IMV,1,1,1,
IMV,1,1,1,
IMV,1,1,3,
IMV,1,1,8,
IMV,1,1,1,
IMV,1,1,1,
IMV,1,1,7,
IMV,1,1,2,
IMV,1,1,2,
IMV,1,1,1,
IMV,1,1,1,
IMV,1,1,5,
IMV,1,1,1,
IMV,1,1,5,
IMV,1,1,1,
IMV,1,1,8,
IMV,1,1,1,
IMV,1,1,1,
IMV,1,1,1,
IMV,1,1,5,
IMV,1,1,1,
IMV,1,1,1,
IMV,1,1,1,
IMV,1,1,2,
IMV,1,1,1,
IMV,1,1,14,
IMV,1,1,1,
IMV,1,1,1,
IMV,1,1,2,
IMV,1,1,1,
IMV,1,1,1,
IMV,1,1,1,
IMV,1,1,1,
IMV,1,1,1,
IMV,1,1,3,
IMV,1,1,17,
IMV,1,1,1,
IMV,1,1,1,
IMV,1,1,2,
IMV,1,1,2,
IMV,1,1,12,
IMV,1,1,1,
IMV,1,1,337,
IMV,1,1,1,
IMV,1,1,3486,
IMV,1,1,1,
IMV,1,1,2,
IMV,1,1,1,
IMV,1,1,2,
IMV,1,1,1,
IMV,1,1,2,
IMV,1,1,1,
IMV,1,1,1,
IMV,1,1,1,
IMV,1,1,1,
IMV,1,1,3,
IMV,1,1,1,
IMV,1,1,1,
IMV,1,1,7,
IMV,1,1,349,
IMV,1,1,10,
IMV,1,1,1,
IMV,1,1,2,
IMV,1,1,2,
IMV,1,1,2,
IMV,1,1,3,
IMV,1,1,4,
IMV,1,1,1,
IMV,1,1,27,
IMV,1,1,1,
IMV,1,1,2,
IMV,1,1,1,
IMV,1,1,3,
IMV,1,1,1,
IMV,1,1,1,
IMV,1,1,2,
IMV,1,1,1,
IMV,1,1,1,
IMV,1,1,1,
IMV,1,1,1,
IMV,1,1,12,
IMV,1,1,1,
IMV,1,1,1,
IMV,1,1,1,
IMV,1,1,2,
IMV,1,1,34,
IMV,1,1,1,
IMV,1,1,1,
IMV,1,1,1,
IMV,1,1,3,
IMV,1,1,14,
IMV,1,1,1,
IMV,1,1,4,
IMV,1,1,1,
IMV,1,1,1,
IMV,1,1,1,
IMV,1,1,4,
IMV,1,1,3,
IMV,1,1,1,
IMV,1,1,2,
IMV,1,1,2,
IMV,1,1,18,
IMV,1,1,1,
IMV,1,1,1,
IMV,1,1,10,
IMV,1,1,1,
IMV,1,1,1,
IMV,1,1,1,
IMV,1,1,18,
IMV,1,1,1,
IMV,1,1,1,
IMV,1,1,5,
IMV,1,1,1,
IMV,1,1,6,
IMV,1,1,1,
IMV,1,1,1,
IMV,1,1,1,
IMV,1,1,1,
IMV,1,1,1,
IMV,1,1,1,
IMV,1,1,2,
IMV,1,1,1,
IMV,1,1,3,
IMV,1,1,2,
IMV,1,1,1,
IMV,1,1,11,
IMV,1,1,1,
IMV,1,1,3,
IMV,1,1,1,
IMV,1,1,10,
IMV,1,1,1,
IMV,1,1,1,
IMV,1,1,1,
IMV,1,1,1,
IMV,1,1,1,
IMV,1,1,2,
IMV,1,1,2,
IMV,1,1,42787,
IMV,1,1.2,1,
IMV,1,1.2,2,
IMV,1,1.2,2,
IMV,1,1.2,1,
IMV,1,1.2,2,
IMV,1,1.2,1,
IMV,1,1.2,2,
IMV,1,1.2,59,
IMV,1,1.2,1,
IMV,1,1.2,1,
IMV,1,1.2,1,
IMV,1,1.2,1,
IMV,1,1.2,3,
IMV,1,1.2,2,
IMV,1,1.2,4,
IMV,1,1.2,1,
IMV,1,1.2,1,
IMV,1,1.2,1,
IMV,1,1.2,5,
IMV,1,1.2,3,
IMV,1,1.2,8,
IMV,1,1.2,84,
IMV,1,1.2,59,
IMV,1,1.2,1,
IMV,1,1.2,1,
IMV,1,1.2,2,
IMV,1,1.2,1,
IMV,1,1.2,1,
IMV,1,1.2,101,
IMV,1,1.2,1,
IMV,1,1.2,1,
IMV,1,1.2,1,
IMV,1,1.2,38,
IMV,1,1.2,37,
IMV,1,1.2,1,
IMV,1,1.2,15,
IMV,1,1.2,11,
IMV,1,1.2,1,
IMV,1,1.2,2,
IMV,1,1.2,2,
IMV,1,1.2,1,
IMV,1,1.2,1,
IMV,1,1.2,1,
IMV,1,1.2,197,
IMV,1,1.2,1,
IMV,1,1.2,1,
IMV,1,1.2,1,
IMV,1,1.2,1,
IMV,1,1.2,1,
IMV,1,1.2,1,
IMV,1,1.2,1,
IMV,1,1.2,2,
IMV,1,1.2,1,
IMV,1,1.2,3,
IMV,1,1.2,16,
IMV,1,1.2,38,
IMV,1,1.2,1,
IMV,1,1.2,4,
IMV,1,1.2,1,
IMV,1,1.2,1,
IMV,1,1.2,1,
IMV,1,1.2,4,
IMV,1,1.2,1,
IMV,1,1.2,17,
IMV,1,1.2,797,
IMV,1,1.2,1,
IMV,1,1.2,1,
IMV,1,1.2,2,
IMV,1,1.2,2,
IMV,1,1.2,1,
IMV,1,1.2,12,
IMV,1,1.2,1,
IMV,1,1.2,1,
IMV,1,1.2,1,
IMV,1,1.2,1,
IMV,1,1.2,1,
IMV,1,1.2,1,
IMV,1,1.2,11,
IMV,1,1.2,15,
IMV,1,1.2,1,
IMV,1,1.2,1,
IMV,1,1.2,1,
IMV,1,1.2,187,
IMV,1,1.2,17,
IMV,1,1.2,1,
IMV,1,1.2,1,
IMV,1,1.2,34,
IMV,1,1.2,9,
IMV,1,1.2,551,
IMV,1,1.2,12,
IMV,1,1.2,2,
IMV,1,1.2,1,
IMV,1,1.2,2,
IMV,1,1.2,1,
IMV,1,1.2,16,
IMV,1,1.2,6,
IMV,1,1.2,1,
IMV,1,1.2,23,
IMV,1,1.2,1,
IMV,1,1.2,28,
IMV,1,1.2,1,
IMV,1,1.2,2,
IMV,1,1.2,1,
IMV,1,1.2,4,
IMV,1,1.2,66,
IMV,1,1.2,1,
IMV,1,1.2,1,
IMV,1,1.2,3,
IMV,1,1.2,1,
IMV,1,1.2,1,
IMV,1,1.2,1596,
IMV,1,1.2,182,
IMV,1,1.2,1,
IMV,1,1.2,1,
IMV,1,1.2,1,
IMV,1,1.2,50,
IMV,1,1.2,2,
IMV,1,1.2,24,
IMV,1,1.2,1,
IMV,1,1.2,91,
IMV,1,1.2,105,
IMV,1,1.2,1,
IMV,1,1.2,3,
IMV,1,1.2,1,
IMV,1,1.2,1,
IMV,1,1.2,1,
IMV,1,1.2,41,
IMV,1,1.2,1,
IMV,1,1.2,1,
IMV,1,1.2,1,
IMV,1,1.2,2,
IMV,1,1.2,20,
IMV,1,1.2,4,
IMV,1,1.2,3,
IMV,1,1.2,2,
IMV,1,1.2,3,
IMV,1,1.2,1,
IMV,1,1.2,1,
IMV,1,1.2,1,
IMV,1,1.2,1,
IMV,1,1.2,1,
IMV,1,1.2,1,
IMV,1,1.2,1,
IMV,1,1.2,2,
IMV,1,1.2,2,
IMV,1,1.2,12,
IMV,1,1.2,1,
IMV,1,1.2,8,
IMV,1,1.2,1,
IMV,1,1.2,1,
IMV,1,1.2,1,
IMV,1,1.2,1,
IMV,1,1.2,1,
IMV,1,1.2,6,
IMV,1,1.2,1,
IMV,1,1.2,4,
IMV,1,1.2,5,
IMV,1,1.2,1,
IMV,1,1.2,1,
IMV,1,1.2,12,
IMV,1,1.2,1,
IMV,1,1.2,22,
IMV,1,1.2,14,
IMV,1,1.2,346,
IMV,1,1.2,5,
IMV,1,1.2,17,
IMV,1,1.2,1,
IMV,1,1.2,1,
IMV,1,1.2,14,
IMV,1,1.2,2,
IMV,1,1.2,3,
IMV,1,1.2,15,
IMV,1,1.2,1,
IMV,1,1.2,1,
IMV,1,1.2,4,
IMV,1,1.2,1,
IMV,1,1.2,1,
IMV,1,1.2,1,
IMV,1,1.2,2942,
IMV,1,1.2,1,
IMV,1,1.2,1,
IMV,1,1.2,114,
IMV,1,1.2,1,
IMV,1,1.2,1,
IMV,1,1.2,1,
IMV,1,1.2,1,
IMV,1,1.2,1,
IMV,1,1.2,1,
IMV,1,1.2,1,
IMV,1,1.2,2,
IMV,1,1.2,1,
IMV,1,1.2,1,
IMV,1,1.2,3,
IMV,1,1.2,2,
IMV,1,1.2,1,
IMV,1,1.2,1,
IMV,1,1.2,1,
IMV,1,1.2,5,
IMV,1,1.2,405,
IMV,1,1.2,1,
IMV,1,1.2,15,
IMV,1,1.2,2,
IMV,1,1.2,1,
IMV,1,1.2,3,
IMV,1,1.2,24,
IMV,1,1.2,2,
IMV,1,1.2,17,
IMV,1,1.2,1,
IMV,1,1.2,1,
IMV,1,1.2,16,
IMV,1,1.2,2,
IMV,1,1.2,2,
IMV,1,1.2,2,
IMV,1,1.2,1,
IMV,1,1.2,16,
IMV,1,1.2,13,
IMV,1,1.2,1,
IMV,1,1.2,1,
IMV,1,1.2,1,
IMV,1,1.2,1,
IMV,1,1.2,1,
IMV,1,1.2,10,
IMV,1,1.2,3,
IMV,1,1.2,1,
IMV,1,1.2,2,
IMV,1,1.2,6,
IMV,1,1.2,1,
IMV,1,1.2,1,
IMV,1,1.2,1,
IMV,1,1.2,1,
IMV,1,1.2,8,
IMV,1,1.2,1,
IMV,1,1.2,1,
IMV,1,1.2,1,
IMV,1,1.2,1,
IMV,1,1.2,1,
IMV,1,1.2,1,
IMV,1,1.2,1,
IMV,1,1.2,1,
IMV,1,1.2,12784,
IMV,1,1.2,6,
IMV,1,1.2,1,
IMV,1,1.2,1,
IMV,1,1.2,1,
IMV,1,1.2,1,
IMV,1,1.2,1,
IMV,1,1.2,1,
IMV,1,1.2,4,
IMV,1,1.2,3,
IMV,1,1.2,6,
IMV,1,1.2,1,
IMV,1,1.2,4,
IMV,1,1.2,1,
IMV,1,1.2,3,
IMV,1,1.2,3,
IMV,1,1.2,2,
IMV,1,1.2,5,
IMV,1,1.2,1,
IMV,1,1.2,2,
IMV,1,1.2,12,
IMV,1,1.2,2,
IMV,1,1.2,1,
IMV,1,1.2,14,
IMV,1,1.2,1,
IMV,1,1.2,1,
IMV,1,1.2,1,
IMV,1,1.2,2,
IMV,1,1.2,2,
IMV,1,1.2,2,
IMV,1,1.2,1,
IMV,1,1.2,1,
IMV,1,1.2,1,
IMV,1,1.2,6,
IMV,1,1.2,1,
IMV,1,1.2,3,
IMV,1,1.2,2,
IMV,1,1.2,1,
IMV,1,1.2,7,
IMV,1,1.2,3,
IMV,1,1.2,1,
IMV,1,1.2,1,
IMV,1,1.2,1,
IMV,1,1.2,1,
IMV,1,1.2,1,
IMV,1,1.2,3,
IMV,1,1.2,1,
IMV,1,1.2,1,
IMV,1,1.2,3,
IMV,1,1.2,4,
IMV,1,1.2,4,
IMV,1,1.2,2,
IMV,1,1.2,1,
IMV,1,1.2,2,
IMV,1,1.2,6,
IMV,1,1.2,6,
IMV,1,1.2,1,
IMV,1,1.2,1,
IMV,1,1.2,1,
IMV,1,1.2,1,
IMV,1,1.2,1,
IMV,1,1.2,88,
IMV,1,1.2,1,
IMV,1,1.2,1,
IMV,1,1.2,1,
IMV,1,1.2,1,
IMV,1,1.2,6,
IMV,1,1.2,1,
IMV,1,1.2,4,
IMV,1,1.2,8222,
IMV,1,1.2,14,
IMV,1,1.2,1,
IMV,1,1.2,1,
IMV,1,1.2,1,
IMV,1,1.2,5,
IMV,1,1.2,1,
IMV,1,1.2,1,
IMV,1,1.2,215,
IMV,1,1.2,1,
IMV,1,1.2,1,
IMV,1,1.2,1,
IMV,1,1.2,1,
IMV,1,1.2,1,
IMV,1,1.2,3,
IMV,1,1.2,3,
IMV,1,1.2,1,
IMV,1,1.2,1,
IMV,1,1.2,1,
IMV,1,1.2,2,
IMV,1,1.2,1,
IMV,1,1.2,1,
IMV,1,1.2,51,
IMV,1,1.2,2,
IMV,1,1.2,1,
IMV,1,1.2,151,
IMV,1,1.2,11826,
IMV,1,1.2,1,
IMV,1,1.2,12,
IMV,1,1.2,1,
IMV,1,1.2,17640,
IMV,1,1.2,2,
IMV,1,1.2,1,
IMV,1,1.2,1,
IMV,1,1.2,1,
IMV,1,1.2,1,
IMV,1,1.2,1,
IMV,1,1.2,1,
IMV,1,1.2,1,
IMV,1,1.2,1,
IMV,1,1.2,1,
IMV,1,1.2,1,
IMV,1,1.2,2,
IMV,1,1.2,1,
IMV,1,1.2,1,
IMV,1,1.2,1,
IMV,1,1.2,11,
IMV,1,1.2,1,
IMV,1,1.2,8,
IMV,1,1.2,3,
IMV,1,1.2,7,
IMV,1,1.2,1,
IMV,1,1.2,2,
IMV,1,1.2,1,
IMV,1,1.2,3,
IMV,1,1.2,1,
IMV,1,1.2,171,
IMV,1,1.2,1,
IMV,1,1.2,1,
IMV,1,1.2,1029,
IMV,1,1.2,3,
IMV,1,1.2,1,
IMV,1,1.2,3,
IMV,1,1.2,1,
IMV,1,1.2,1,
IMV,1,1.2,1,
IMV,1,1.2,8,
IMV,1,1.2,17,
IMV,1,1.2,5,
IMV,1,1.2,1,
IMV,1,1.2,1,
IMV,1,1.2,2,
IMV,1,1.2,3,
IMV,1,1.2,1,
IMV,1,1.2,2,
IMV,1,1.2,1,
IMV,1,1.2,4,
IMV,1,1.2,1,
IMV,1,1.2,1,
IMV,1,1.2,1,
IMV,1,1.2,1,
IMV,1,1.2,1,
IMV,1,1.2,2,
IMV,1,1.2,1,
IMV,1,1.2,1,
IMV,1,1.2,1,
IMV,1,1.2,1,
IMV,1,1.2,3,
IMV,1,1.2,1,
IMV,1,1.2,2,
IMV,1,1.2,5,
IMV,1,1.2,3,
IMV,1,1.2,3513,
IMV,1,1.2,1,
IMV,1,1.2,1,
IMV,1,1.2,2,
IMV,1,1.2,161,
IMV,1,1.2,1,
IMV,1,1.2,1,
IMV,1,1.2,1,
IMV,1,1.2,1,
IMV,1,1.2,1,
IMV,1,1.2,2,
IMV,1,1.2,3,
IMV,1,1.2,1,
IMV,1,1.2,2,
IMV,1,1.2,2,
IMV,1,1.2,2,
IMV,1,1.2,30,
IMV,1,1.2,2,
IMV,1,1.2,4,
IMV,1,1.2,1,
IMV,1,1.2,1,
IMV,1,1.2,1,
IMV,1,1.2,2,
IMV,1,1.2,1,
IMV,1,1.2,2,
IMV,1,1.2,2,
IMV,1,1.2,9,
IMV,1,1.2,63,
IMV,1,1.2,17,
IMV,1,1.2,3,
IMV,1,1.2,1,
IMV,1,1.2,1,
IMV,1,1.2,1,
IMV,1,1.2,8,
IMV,1,1.2,3,
IMV,1,1.2,3,
IMV,1,1.2,8,
IMV,1,1.2,1,
IMV,1,1.2,1,
IMV,1,1.2,1,
IMV,1,1.2,2,
IMV,1,1.2,1,
IMV,1,1.2,1,
IMV,1,1.2,5,
IMV,1,1.2,1,
IMV,1,1.2,1,
IMV,1,1.2,1,
IMV,1,1.2,1,
IMV,1,1.2,1,
IMV,1,1.2,1,
IMV,1,1.2,1,
IMV,1,1.2,1,
IMV,1,1.2,2,
IMV,1,1.2,2,
IMV,1,1.2,1,
IMV,1,1.2,7,
IMV,1,1.2,1,
IMV,1,1.2,1,
IMV,1,1.2,1,
IMV,1,1.2,7,
IMV,1,1.2,1,
IMV,1,1.2,3,
IMV,1,1.2,20,
IMV,1,1.2,7,
IMV,1,1.2,1,
IMV,1,1.2,1,
IMV,1,1.2,1,
IMV,1,1.2,1,
IMV,1,1.2,2,
IMV,1,1.2,12,
IMV,1,1.2,1,
IMV,1,1.2,2,
IMV,1,1.2,1,
IMV,1,1.2,1,
IMV,1,1.2,1,
IMV,1,1.2,4,
IMV,1,1.2,11,
IMV,1,1.2,1,
IMV,1,1.2,1,
IMV,1,1.2,97,
IMV,1,1.2,1,
IMV,1,1.2,1,
IMV,1,1.2,1,
IMV,1,1.2,688,
IMV,1,1.2,1,
IMV,1,1.2,1,
IMV,1,1.2,1,
IMV,1,1.2,1,
IMV,1,1.2,2,
IMV,1,1.2,2,
IMV,1,1.2,1,
IMV,1,1.2,841,
IMV,1,1.2,1,
IMV,1,1.2,1,
IMV,1,1.2,2,
IMV,1,1.2,3,
IMV,1,1.2,1,
IMV,1,1.2,1,
IMV,1,1.2,2,
IMV,1,1.2,1,
IMV,1,1.2,1,
IMV,1,1.2,4,
IMV,1,1.2,4,
IMV,1,1.2,1,
IMV,1,1.2,2,
IMV,1,1.2,1,
IMV,1,1.2,2,
IMV,1,1.2,360,
IMV,1,1.2,1,
IMV,1,1.2,3,
IMV,1,1.2,1,
IMV,1,1.2,1,
IMV,1,1.2,1,
IMV,1,1.2,9,
IMV,1,1.2,1,
IMV,1,1.2,1,
IMV,1,1.2,2,
IMV,1,1.2,6,
IMV,1,1.2,1,
IMV,1,1.2,9,
IMV,1,1.2,80,
IMV,1,1.2,5,
IMV,1,1.2,1,
IMV,1,1.2,1,
IMV,1,1.2,1,
IMV,1,1.2,1,
IMV,1,1.2,553,
IMV,1,1.2,1,
IMV,1,1.2,1,
IMV,1,1.2,2,
IMV,1,1.2,1,
IMV,1,1.2,1,
IMV,1,1.2,31,
IMV,1,1.2,3,
IMV,1,1.2,52,
IMV,1,1.2,1,
IMV,1,1.2,8,
IMV,1,1.2,1,
IMV,1,1.2,1,
IMV,1,1.2,1,
IMV,1,1.2,1,
IMV,1,1.2,1,
IMV,1,1.2,1,
IMV,1,1.2,1,
IMV,1,1.2,1,
IMV,1,1.2,1,
IMV,1,1.2,1,
IMV,1,1.2,1,
IMV,1,1.2,1,
IMV,1,1.2,3,
IMV,1,1.2,1,
IMV,1,1.2,1,
IMV,1,1.2,1,
IMV,1,1.2,2,
IMV,1,1.2,1,
IMV,1,1.2,51,
IMV,1,1.2,4,
IMV,1,1.2,1,
IMV,1,1.2,1,
IMV,1,1.2,3,
IMV,1,1.2,1,
IMV,1,1.2,1,
IMV,1,1.2,1,
IMV,1,1.2,3,
IMV,1,1.2,1,
IMV,1,1.2,1,
IMV,1,1.2,2,
IMV,1,1.2,3,
IMV,1,1.2,3,
IMV,1,1.2,1,
IMV,1,1.2,1,
IMV,1,1.2,479,
IMV,1,1.2,6,
IMV,1,1.2,1,
IMV,1,1.2,1,
IMV,1,1.2,7,
IMV,1,1.2,1,
IMV,1,1.2,1,
IMV,1,1.2,1,
IMV,1,1.2,2,
IMV,1,1.2,1,
IMV,1,1.2,5,
IMV,1,1.2,5,
IMV,1,1.2,2,
IMV,1,1.2,1,
IMV,1,1.2,507,
IMV,1,1.2,1,
IMV,1,1.2,1,
IMV,1,1.2,1,
IMV,1,1.2,1,
IMV,1,1.2,1,
IMV,1,1.2,1,
IMV,1,1.2,2,
IMV,1,1.2,140,
IMV,1,1.2,2,
IMV,1,1.2,3,
IMV,1,1.2,48,
IMV,1,1.2,1,
IMV,1,1.2,1,
IMV,1,1.2,1,
IMV,1,1.2,2,
IMV,1,1.2,1,
IMV,1,1.2,1,
IMV,1,1.2,1,
IMV,1,1.2,1,
IMV,1,1.2,1,
IMV,1,1.2,2,
IMV,1,1.2,4,
IMV,1,1.2,1,
IMV,1,1.2,2,
IMV,1,1.2,1,
IMV,1,1.2,3,
IMV,1,1.2,1,
IMV,1,1.2,2,
IMV,1,1.2,1,
IMV,1,1.2,103,
IMV,1,1.2,1,
IMV,1,1.2,29,
IMV,1,1.2,1,
IMV,1,1.2,6,
IMV,1,1.2,29,
IMV,1,1.2,226,
IMV,1,1.2,1,
IMV,1,1.2,1,
IMV,1,1.2,1,
IMV,1,1.2,18,
IMV,1,1.2,15,
IMV,1,1.2,13,
IMV,1,1.2,3,
IMV,1,1.2,2,
IMV,1,1.2,2,
IMV,1,1.2,59,
IMV,1,1.2,1,
IMV,1,1.2,2,
IMV,1,1.2,3,
IMV,1,1.2,1,
IMV,1,1.2,1,
IMV,1,1.2,1,
IMV,1,1.2,2,
IMV,1,1.2,1,
IMV,1,1.2,1,
IMV,1,1.2,2,
IMV,1,1.2,1,
IMV,1,1.2,21,
IMV,1,1.2,1,
IMV,1,1.2,3,
IMV,1,1.2,1,
IMV,1,1.2,1,
IMV,1,1.2,2,
IMV,1,1.2,2,
IMV,1,1.2,101,
IMV,1,1.2,14,
IMV,1,1.2,1,
IMV,1,1.2,1,
IMV,1,1.2,1,
IMV,1,1.2,11,
IMV,1,1.2,7,
IMV,1,1.2,1,
IMV,1,1.2,1,
IMV,1,1.2,2,
IMV,1,1.2,1,
IMV,1,1.2,1,
IMV,1,1.2,1,
IMV,1,1.2,2,
IMV,1,1.2,1,
IMV,1,1.2,1,
IMV,1,1.2,2,
IMV,1,1.2,4,
IMV,1,1.2,7,
IMV,1,1.2,2,
IMV,1,1.2,1805,
IMV,1,1.2,3,
IMV,1,1.2,15,
IMV,1,1.2,29,
IMV,1,1.2,2,
IMV,1,1.2,1,
IMV,1,1.2,118,
IMV,1,1.2,4,
IMV,1,1.2,2,
IMV,1,1.2,3,
IMV,1,1.2,1,
IMV,1,1.2,2,
IMV,1,1.2,1,
IMV,1,1.2,1,
IMV,1,1.2,1,
IMV,1,1.2,1,
IMV,1,1.2,1226,
IMV,1,1.2,2,
IMV,1,1.2,147,
IMV,1,1.2,2,
IMV,1,1.2,7,
IMV,1,1.2,1,
IMV,1,1.2,4,
IMV,1,1.2,1,
IMV,1,1.2,1,
IMV,1,1.2,2,
IMV,1,1.2,4,
IMV,1,1.2,1,
IMV,1,1.2,1,
IMV,1,1.2,2,
IMV,1,1.2,1,
IMV,1,1.2,1,
IMV,1,1.2,1,
IMV,1,1.2,1,
IMV,1,1.2,4,
IMV,1,1.2,1,
IMV,1,1.2,1,
IMV,1,1.2,49,
IMV,1,1.2,1,
IMV,1,1.2,1,
IMV,1,1.2,1,
IMV,1,1.2,1,
IMV,1,1.2,1,
IMV,1,1.2,1,
IMV,1,1.2,1,
IMV,1,1.2,1,
IMV,1,1.2,14,
IMV,1,1.2,1,
IMV,1,1.2,1,
IMV,1,1.2,1,
IMV,1,1.2,3,
IMV,1,1.2,1,
IMV,1,1.2,2,
IMV,1,1.2,1,
IMV,1,1.2,3,
IMV,1,1.2,2,
IMV,1,1.2,2,
IMV,1,1.2,11,
IMV,1,1.2,2,
IMV,1,1.2,2,
IMV,1,1.2,1,
IMV,1,1.2,1,
IMV,1,1.2,490,
IMV,1,1.2,2,
IMV,1,1.2,3,
IMV,1,1.2,1,
IMV,1,1.2,3,
IMV,1,1.2,1,
IMV,1,1.2,3331,
IMV,1,1.2,1,
IMV,1,1.2,2,
IMV,1,1.2,1,
IMV,1,1.2,1,
IMV,1,1.2,1,
IMV,1,1.2,3,
IMV,1,1.2,1,
IMV,1,1.2,1,
IMV,1,1.2,13,
IMV,1,1.2,20,
IMV,1,1.2,2,
IMV,1,1.2,2,
IMV,1,1.2,4,
IMV,1,1.2,1,
IMV,1,1.2,1,
IMV,1,1.2,64,
IMV,1,1.2,1,
IMV,1,1.2,22,
IMV,1,1.2,3,
IMV,1,1.2,2,
IMV,1,1.2,1,
IMV,1,1.2,2,
IMV,1,1.2,1,
IMV,1,1.2,277,
IMV,1,1.2,2,
IMV,1,1.2,1,
IMV,1,1.2,1,
IMV,1,1.2,1,
IMV,1,1.2,30,
IMV,1,1.2,179,
IMV,1,1.2,2,
IMV,1,1.2,1,
IMV,1,1.2,1,
IMV,1,1.2,6,
IMV,1,1.2,459,
IMV,1,1.2,1,
IMV,1,1.2,112,
IMV,1,1.2,1,
IMV,1,1.2,2,
IMV,1,1.2,2,
IMV,1,1.2,1,
IMV,1,1.2,1,
IMV,1,1.2,5,
IMV,1,1.2,1,
IMV,1,1.2,4,
IMV,1,1.2,2,
IMV,1,1.2,1,
IMV,1,1.2,1,
IMV,1,1.2,2,
IMV,1,1.2,1,
IMV,1,1.2,1,
IMV,1,1.2,3,
IMV,1,1.2,1856,
IMV,1,1.2,1,
IMV,1,1.2,3,
IMV,1,1.2,1,
IMV,1,1.2,9,
IMV,1,1.2,1,
IMV,1,1.2,3,
IMV,1,1.2,1,
IMV,1,1.2,1,
IMV,1,1.2,4,
IMV,1,1.2,2,
IMV,1,1.2,1,
IMV,1,1.2,1,
IMV,1,1.2,2,
IMV,1,1.2,1,
IMV,1,1.2,53,
IMV,1,1.2,1,
IMV,1,1.2,1,
IMV,1,1.2,2,
IMV,1,1.2,2,
IMV,1,1.2,2,
IMV,1,1.2,6,
IMV,1,1.2,8,
IMV,1,1.2,2,
IMV,1,1.2,1,
IMV,1,1.2,2,
IMV,1,1.2,2,
IMV,1,1.2,1,
IMV,1,1.2,5,
IMV,1,1.2,1,
IMV,1,1.2,2,
IMV,1,1.2,1,
IMV,1,1.2,1,
IMV,1,1.2,1,
IMV,1,1.2,2,
IMV,1,1.2,14,
IMV,1,1.2,1,
IMV,1,1.2,1,
IMV,1,1.2,1,
IMV,1,1.2,2123,
IMV,1,1.2,1,
IMV,1,1.2,1,
IMV,1,1.2,10,
IMV,1,1.2,2,
IMV,1,1.2,1,
IMV,1,1.2,1,
IMV,1,1.2,1,
IMV,1,1.2,1,
IMV,1,1.2,1,
IMV,1,1.2,4151,
IMV,1,1.2,1,
IMV,1,1.2,1,
IMV,1,1.2,1,
IMV,1,1.2,1,
IMV,1,1.2,10,
IMV,1,1.2,2,
IMV,1,1.2,1,
IMV,1,1.2,1,
IMV,1,1.2,4,
IMV,1,1.2,1,
IMV,1,1.2,4,
IMV,1,1.2,1,
IMV,1,1.2,1,
IMV,1,1.2,1,
IMV,1,1.2,1,
IMV,1,1.2,21,
IMV,1,1.2,1,
IMV,1,1.2,108,
IMV,1,1.2,1,
IMV,1,1.2,1,
IMV,1,1.2,5,
IMV,1,1.2,38,
IMV,1,1.2,1,
IMV,1,1.2,1,
IMV,1,1.2,3,
IMV,1,1.2,118,
IMV,1,1.2,4,
IMV,1,1.2,2,
IMV,1,1.2,1,
IMV,1,1.2,1,
IMV,1,1.2,1,
IMV,1,1.2,1,
IMV,1,1.2,2,
IMV,1,1.2,1,
IMV,1,1.2,1,
IMV,1,1.2,5,
IMV,1,1.2,2,
IMV,1,1.2,2,
IMV,1,1.2,1,
IMV,1,1.2,4,
IMV,1,1.2,1,
IMV,1,1.2,2,
IMV,1,1.2,1,
IMV,1,1.2,1,
IMV,1,1.2,3,
IMV,1,1.2,8,
IMV,1,1.2,1,
IMV,1,1.2,1,
IMV,1,1.2,1,
IMV,1,1.2,7,
IMV,1,1.2,1,
IMV,1,1.2,2,
IMV,1,1.2,1,
IMV,1,1.2,1,
IMV,1,1.2,1,
IMV,1,1.2,1,
IMV,1,1.2,11,
IMV,1,1.2,3,
IMV,1,1.2,1,
IMV,1,1.2,1,
IMV,1,1.2,8,
IMV,1,1.2,1,
IMV,1,1.2,1,
IMV,1,1.2,1,
IMV,1,1.2,3,
IMV,1,1.2,3,
IMV,1,1.2,1,
IMV,1,1.2,1,
IMV,1,1.2,2,
IMV,1,1.2,2,
IMV,1,1.2,1,
IMV,1,1.2,3,
IMV,1,1.2,1,
IMV,1,1.2,217,
IMV,1,1.2,1,
IMV,1,1.2,2,
IMV,1,1.2,2,
IMV,1,1.2,1,
IMV,1,1.2,1,
IMV,1,1.2,78,
IMV,1,1.2,1,
IMV,1,1.2,1,
IMV,1,1.2,1,
IMV,1,1.2,10,
IMV,1,1.2,2,
IMV,1,1.2,1,
IMV,1,1.2,3,
IMV,1,1.2,1,
IMV,1,1.2,2,
IMV,1,1.2,1,
IMV,1,1.2,1,
IMV,1,1.2,1,
IMV,1,1.2,8,
IMV,1,1.2,1,
IMV,1,1.2,1,
IMV,1,1.2,1,
IMV,1,1.2,10,
IMV,1,1.2,1,
IMV,1,1.2,3,
IMV,1,1.2,1,
IMV,1,1.2,1,
IMV,1,1.2,106,
IMV,1,1.2,1,
IMV,1,1.2,1,
IMV,1,1.2,4,
IMV,1,1.2,1,
IMV,1,1.2,2,
IMV,1,1.2,1,
IMV,1,1.2,1,
IMV,1,1.2,1,
IMV,1,1.2,1,
IMV,1,1.2,1,
IMV,1,1.2,1,
IMV,1,1.2,1,
IMV,1,1.2,19,
IMV,1,1.2,3,
IMV,1,1.2,6,
IMV,1,1.2,1,
IMV,1,1.2,1,
IMV,1,1.2,1,
IMV,1,1.2,1,
IMV,1,1.2,11,
IMV,1,1.2,104,
IMV,1,1.2,1,
IMV,1,1.2,1,
IMV,1,1.2,1,
IMV,1,1.2,1,
IMV,1,1.2,1,
IMV,1,1.2,2,
IMV,1,1.2,1,
IMV,1,1.2,1,
IMV,1,1.2,4,
IMV,1,1.2,1,
IMV,1,1.2,1,
IMV,1,1.2,1,
IMV,1,1.2,1,
IMV,1,1.2,1,
IMV,1,1.2,1,
IMV,1,1.2,5,
IMV,1,1.2,2,
IMV,1,1.2,1,
IMV,1,1.2,2,
IMV,1,1.2,1,
IMV,1,1.2,1,
IMV,1,1.2,3,
IMV,1,1.2,2,
IMV,1,1.2,1,
IMV,1,1.2,1,
IMV,1,1.2,1,
IMV,1,1.2,9,
IMV,1,1.2,3,
IMV,1,1.2,2,
IMV,1,1.2,1,
IMV,1,1.2,1,
IMV,1,1.2,1,
IMV,1,1.2,63,
IMV,1,1.2,13686,
IMV,1,1.7,1,
IMV,1,1.7,3,
IMV,1,1.7,1,
IMV,1,1.7,1,
IMV,1,1.7,1,
IMV,1,1.7,3,
IMV,1,1.7,2,
IMV,1,1.7,25,
IMV,1,1.7,1,
IMV,1,1.7,1,
IMV,1,1.7,1,
IMV,1,1.7,5,
IMV,1,1.7,36,
IMV,1,1.7,1,
IMV,1,1.7,1,
IMV,1,1.7,1,
IMV,1,1.7,1,
IMV,1,1.7,14,
IMV,1,1.7,2,
IMV,1,1.7,1,
IMV,1,1.7,1837,
IMV,1,1.7,1,
IMV,1,1.7,1,
IMV,1,1.7,1,
IMV,1,1.7,1,
IMV,1,1.7,1,
IMV,1,1.7,155,
IMV,1,1.7,1,
IMV,1,1.7,2,
IMV,1,1.7,4,
IMV,1,1.7,1,
IMV,1,1.7,2,
IMV,1,1.7,1,
IMV,1,1.7,1,
IMV,1,1.7,1,
IMV,1,1.7,1,
IMV,1,1.7,11,
IMV,1,1.7,1,
IMV,1,1.7,1,
IMV,1,1.7,51,
IMV,1,1.7,1,
IMV,1,1.7,1,
IMV,1,1.7,2,
IMV,1,1.7,1,
IMV,1,1.7,2,
IMV,1,1.7,1,
IMV,1,1.7,13,
IMV,1,1.7,17,
IMV,1,1.7,15,
IMV,1,1.7,2,
IMV,1,1.7,1,
IMV,1,1.7,493,
IMV,1,1.7,1,
IMV,1,1.7,5,
IMV,1,1.7,3,
IMV,1,1.7,1,
IMV,1,1.7,4512,
IMV,1,1.7,5,
IMV,1,1.7,1,
IMV,1,1.7,1,
IMV,1,1.7,1,
IMV,1,1.7,1,
IMV,1,1.7,2,
IMV,1,1.7,1,
IMV,1,1.7,2,
IMV,1,1.7,7,
IMV,1,1.7,1,
IMV,1,1.7,2,
IMV,1,1.7,1290,
IMV,1,1.7,2,
IMV,1,1.7,1,
IMV,1,1.7,1,
IMV,1,1.7,1,
IMV,1,1.7,2,
IMV,1,1.7,1,
IMV,1,1.7,1,
IMV,1,1.7,5,
IMV,1,1.7,221,
IMV,1,1.7,1,
IMV,1,1.7,1,
IMV,1,1.7,1,
IMV,1,1.7,2,
IMV,1,1.7,1,
IMV,1,1.7,1,
IMV,1,1.7,46,
IMV,1,1.7,1,
IMV,1,1.7,1,
IMV,1,1.7,8,
IMV,1,1.7,1,
IMV,1,1.7,4,
IMV,1,1.7,1,
IMV,1,1.7,2,
IMV,1,1.7,1,
IMV,1,1.7,2,
IMV,1,1.7,1,
IMV,1,1.7,2,
IMV,1,1.7,1,
IMV,1,1.7,1,
IMV,1,1.7,3,
IMV,1,1.7,8,
IMV,1,1.7,2,
IMV,1,1.7,1,
IMV,1,1.7,4,
IMV,1,1.7,1,
IMV,1,1.7,1,
IMV,1,1.7,1,
IMV,1,1.7,1,
IMV,1,1.7,6,
IMV,1,1.7,2,
IMV,1,1.7,3,
IMV,1,1.7,16,
IMV,1,1.7,1,
IMV,1,1.7,1,
IMV,1,1.7,2,
IMV,1,1.7,109,
IMV,1,1.7,571,
IMV,1,1.7,428,
IMV,1,1.7,1,
IMV,1,1.7,1,
IMV,1,1.7,13,
IMV,1,1.7,1,
IMV,1,1.7,1,
IMV,1,1.7,1,
IMV,1,1.7,8,
IMV,1,1.7,1,
IMV,1,1.7,1,
IMV,1,1.7,1,
IMV,1,1.7,2,
IMV,1,1.7,1,
IMV,1,1.7,7,
IMV,1,1.7,1,
IMV,1,1.7,317,
IMV,1,1.7,49,
IMV,1,1.7,1,
IMV,1,1.7,1,
IMV,1,1.7,14,
IMV,1,1.7,2,
IMV,1,1.7,1,
IMV,1,1.7,1,
IMV,1,1.7,386,
IMV,1,1.7,1,
IMV,1,1.7,1,
IMV,1,1.7,5,
IMV,1,1.7,1,
IMV,1,1.7,1,
IMV,1,1.7,14,
IMV,1,1.7,1,
IMV,1,1.7,2,
IMV,1,1.7,4,
IMV,1,1.7,6,
IMV,1,1.7,3,
IMV,1,1.7,1,
IMV,1,1.7,1,
IMV,1,1.7,2,
IMV,1,1.7,1,
IMV,1,1.7,1,
IMV,1,1.7,1,
IMV,1,1.7,1,
IMV,1,1.7,1,
IMV,1,1.7,151,
IMV,1,1.7,1,
IMV,1,1.7,2,
IMV,1,1.7,33,
IMV,1,1.7,1,
IMV,1,1.7,1,
IMV,1,1.7,588,
IMV,1,1.7,7,
IMV,1,1.7,1,
IMV,1,1.7,1,
IMV,1,1.7,1,
IMV,1,1.7,1,
IMV,1,1.7,1,
IMV,1,1.7,2,
IMV,1,1.7,1,
IMV,1,1.7,1,
IMV,1,1.7,4,
IMV,1,1.7,1,
IMV,1,1.7,1,
IMV,1,1.7,345,
IMV,1,1.7,1,
IMV,1,1.7,1,
IMV,1,1.7,2,
IMV,1,1.7,11,
IMV,1,1.7,1,
IMV,1,1.7,4,
IMV,1,1.7,37,
IMV,1,1.7,6,
IMV,1,1.7,594,
IMV,1,1.7,1,
IMV,1,1.7,1,
IMV,1,1.7,1,
IMV,1,1.7,1,
IMV,1,1.7,7,
IMV,1,1.7,1,
IMV,1,1.7,4,
IMV,1,1.7,3,
IMV,1,1.7,24,
IMV,1,1.7,1,
IMV,1,1.7,1,
IMV,1,1.7,1,
IMV,1,1.7,68,
IMV,1,1.7,278,
IMV,1,1.7,2,
IMV,1,1.7,3,
IMV,1,1.7,1,
IMV,1,1.7,8,
IMV,1,1.7,158,
IMV,1,1.7,9,
IMV,1,1.7,76,
IMV,1,1.7,1,
IMV,1,1.7,1,
IMV,1,1.7,1,
IMV,1,1.7,1,
IMV,1,1.7,4,
IMV,1,1.7,8,
IMV,1,1.7,1646,
IMV,1,1.7,13,
IMV,1,1.7,2,
IMV,1,1.7,1,
IMV,1,1.7,1,
IMV,1,1.7,2,
IMV,1,1.7,2,
IMV,1,1.7,60,
IMV,1,1.7,22,
IMV,1,1.7,1,
IMV,1,1.7,2,
IMV,1,1.7,1,
IMV,1,1.7,1,
IMV,1,1.7,1,
IMV,1,1.7,1,
IMV,1,1.7,28,
IMV,1,1.7,3,
IMV,1,1.7,1,
IMV,1,1.7,3,
IMV,1,1.7,26,
IMV,1,1.7,368,
IMV,1,1.7,3,
IMV,1,1.7,2,
IMV,1,1.7,1,
IMV,1,1.7,1,
IMV,1,1.7,890,
IMV,1,1.7,1,
IMV,1,1.7,1,
IMV,1,1.7,1,
IMV,1,1.7,1,
IMV,1,1.7,1,
IMV,1,1.7,2,
IMV,1,1.7,6,
IMV,1,1.7,1,
IMV,1,1.7,1,
IMV,1,1.7,1,
IMV,1,1.7,6,
IMV,1,1.7,1,
IMV,1,1.7,1,
IMV,1,1.7,1,
IMV,1,1.7,81,
IMV,1,1.7,1,
IMV,1,1.7,3,
IMV,1,1.7,231,
IMV,1,1.7,2,
IMV,1,1.7,1,
IMV,1,1.7,1,
IMV,1,1.7,1,
IMV,1,1.7,21,
IMV,1,1.7,1,
IMV,1,1.7,1,
IMV,1,1.7,2,
IMV,1,1.7,1,
IMV,1,1.7,1,
IMV,1,1.7,1,
IMV,1,1.7,1,
IMV,1,1.7,3,
IMV,1,1.7,3668,
IMV,1,1.7,691,
IMV,1,1.7,1,
IMV,1,1.7,1,
IMV,1,1.7,1,
IMV,1,1.7,14,
IMV,1,1.7,1,
IMV,1,1.7,1,
IMV,1,1.7,59,
IMV,1,1.7,1,
IMV,1,1.7,1,
IMV,1,1.7,5,
IMV,1,1.7,161,
IMV,1,1.7,1,
IMV,1,1.7,3,
IMV,1,1.7,72,
IMV,1,1.7,1,
IMV,1,1.7,6,
IMV,1,1.7,1,
IMV,1,1.7,2,
IMV,1,1.7,1,
IMV,1,1.7,440,
IMV,1,1.7,2,
IMV,1,1.7,5,
IMV,1,1.7,11997,
IMV,1,1.7,2,
IMV,1,1.7,1,
IMV,1,1.7,1,
IMV,1,1.7,1,
IMV,1,1.7,1,
IMV,1,1.7,1,
IMV,1,1.7,1,
IMV,1,1.7,18,
IMV,1,1.7,2,
IMV,1,1.7,1,
IMV,1,1.7,91,
IMV,1,1.7,8,
IMV,1,1.7,1,
IMV,1,1.7,4,
IMV,1,1.7,1,
IMV,1,1.7,2,
IMV,1,1.7,46,
IMV,1,1.7,1,
IMV,1,1.7,1,
IMV,1,1.7,1,
IMV,1,1.7,2,
IMV,1,1.7,12,
IMV,1,1.7,2,
IMV,1,1.7,1,
IMV,1,1.7,1,
IMV,1,1.7,44,
IMV,1,1.7,10,
IMV,1,1.7,251,
IMV,1,1.7,1,
IMV,1,1.7,8,
IMV,1,1.7,41,
IMV,1,1.7,5,
IMV,1,1.7,2,
IMV,1,1.7,1,
IMV,1,1.7,1,
IMV,1,1.7,44,
IMV,1,1.7,1,
IMV,1,1.7,1,
IMV,1,1.7,2,
IMV,1,1.7,11161,
IMV,1,1.7,1,
IMV,1,1.7,1,
IMV,1,1.7,13127,
IMV,1,1.7,362,
IMV,1,1.7,2,
IMV,1,1.7,20,
IMV,1,1.7,1,
IMV,1,1.7,1,
IMV,1,1.7,1,
IMV,1,1.7,1,
IMV,1,1.7,66,
IMV,1,1.7,2,
IMV,1,1.7,18,
IMV,1,1.7,10,
IMV,1,1.7,1,
IMV,1,1.7,437,
IMV,1,1.7,1,
IMV,1,1.7,2,
IMV,1,1.7,1,
IMV,1,1.7,172,
IMV,1,1.7,1,
IMV,1,1.7,1,
IMV,1,1.7,1,
IMV,1,1.7,74,
IMV,1,1.7,1,
IMV,1,1.7,2,
IMV,1,1.7,2,
IMV,1,1.7,1,
IMV,1,1.7,8,
IMV,1,1.7,2,
IMV,1,1.7,4,
IMV,1,1.7,1,
IMV,1,1.7,1,
IMV,1,1.7,1,
IMV,1,1.7,1,
IMV,1,1.7,2,
IMV,1,1.7,1,
IMV,1,1.7,1,
IMV,1,1.7,1,
IMV,1,1.7,4,
IMV,1,1.7,1,
IMV,1,1.7,1,
IMV,1,1.7,14,
IMV,1,1.7,668,
IMV,1,1.7,12,
IMV,1,1.7,6,
IMV,1,1.7,117,
IMV,1,1.7,2,
IMV,1,1.7,1,
IMV,1,1.7,1,
IMV,1,1.7,2,
IMV,1,1.7,623,
IMV,1,1.7,24,
IMV,1,1.7,3,
IMV,1,1.7,2,
IMV,1,1.7,1,
IMV,1,1.7,1,
IMV,1,1.7,17,
IMV,1,1.7,9,
IMV,1,1.7,2,
IMV,1,1.7,1,
IMV,1,1.7,1,
IMV,1,1.7,1,
IMV,1,1.7,2,
IMV,1,1.7,1,
IMV,1,1.7,1,
IMV,1,1.7,1,
IMV,1,1.7,9,
IMV,1,1.7,1,
IMV,1,1.7,127,
IMV,1,1.7,1,
IMV,1,1.7,1,
IMV,1,1.7,1,
IMV,1,1.7,4,
IMV,1,1.7,2,
IMV,1,1.7,1,
IMV,1,1.7,1,
IMV,1,1.7,1,
IMV,1,1.7,1,
IMV,1,1.7,13,
IMV,1,1.7,1,
IMV,1,1.7,1,
IMV,1,1.7,1,
IMV,1,1.7,1,
IMV,1,1.7,1,
IMV,1,1.7,10,
IMV,1,1.7,1,
IMV,1,1.7,2,
IMV,1,1.7,2,
IMV,1,1.7,1,
IMV,1,1.7,10,
IMV,1,1.7,4328,
IMV,1,1.7,1,
IMV,1,1.7,7,
IMV,1,1.7,1,
IMV,1,1.7,1,
IMV,1,1.7,2178,
IMV,1,1.7,1,
IMV,1,1.7,1,
IMV,1,1.7,1,
IMV,1,1.7,1,
IMV,1,1.7,1,
IMV,1,1.7,3,
IMV,1,1.7,2,
IMV,1,1.7,1,
IMV,1,1.7,4,
IMV,1,1.7,10,
IMV,1,1.7,3,
IMV,1,1.7,8,
IMV,1,1.7,1,
IMV,1,1.7,2,
IMV,1,1.7,1,
IMV,1,1.7,1,
IMV,1,1.7,31,
IMV,1,1.7,1,
IMV,1,1.7,1,
IMV,1,1.7,1,
IMV,1,1.7,4,
IMV,1,1.7,1,
IMV,1,1.7,6,
IMV,1,1.7,2,
IMV,1,1.7,1684,
IMV,1,1.7,21,
IMV,1,1.7,1,
IMV,1,1.7,22,
IMV,1,1.7,1951,
IMV,1,1.7,419,
IMV,1,1.7,3,
IMV,1,1.7,1,
IMV,1,1.7,6,
IMV,1,1.7,1,
IMV,1,1.7,1,
IMV,1,1.7,2,
IMV,1,1.7,1,
IMV,1,1.7,48,
IMV,1,1.7,1,
IMV,1,1.7,11,
IMV,1,1.7,2,
IMV,1,1.7,2,
IMV,1,1.7,3,
IMV,1,1.7,30,
IMV,1,1.7,3,
IMV,1,1.7,1,
IMV,1,1.7,1,
IMV,1,1.7,5,
IMV,1,1.7,1,
IMV,1,1.7,2,
IMV,1,1.7,3,
IMV,1,1.7,26,
IMV,1,1.7,2,
IMV,1,1.7,1,
IMV,1,1.7,1,
IMV,1,1.7,2,
IMV,1,1.7,2,
IMV,1,1.7,4,
IMV,1,1.7,8,
IMV,1,1.7,15,
IMV,1,1.7,1,
IMV,1,1.7,44,
IMV,1,1.7,3901,
IMV,1,1.7,1,
IMV,1,1.7,1,
IMV,1,1.7,1,
IMV,1,1.7,1,
IMV,1,1.7,28,
IMV,1,1.7,182,
IMV,1,1.7,2,
IMV,1,1.7,221,
IMV,1,1.7,3,
IMV,1,1.7,3,
IMV,1,1.7,7,
IMV,1,1.7,2,
IMV,1,1.7,1,
IMV,1,1.7,1,
IMV,1,1.7,2,
IMV,1,1.7,1,
IMV,1,1.7,1,
IMV,1,1.7,1,
IMV,1,1.7,2,
IMV,1,1.7,1,
IMV,1,1.7,7,
IMV,1,1.7,3,
IMV,1,1.7,170,
IMV,1,1.7,389,
IMV,1,1.7,1,
IMV,1,1.7,5,
IMV,1,1.7,1,
IMV,1,1.7,1,
IMV,1,1.7,8,
IMV,1,1.7,2,
IMV,1,1.7,2,
IMV,1,1.7,7,
IMV,1,1.7,15,
IMV,1,1.7,3,
IMV,1,1.7,1,
IMV,1,1.7,2,
IMV,1,1.7,1325,
IMV,1,1.7,1,
IMV,1,1.7,7,
IMV,1,1.7,11,
IMV,1,1.7,1,
IMV,1,1.7,1,
IMV,1,1.7,1,
IMV,1,1.7,1,
IMV,1,1.7,17,
IMV,1,1.7,7,
IMV,1,1.7,3,
IMV,1,1.7,1,
IMV,1,1.7,2,
IMV,1,1.7,1,
IMV,1,1.7,1,
IMV,1,1.7,1,
IMV,1,1.7,1,
IMV,1,1.7,3,
IMV,1,1.7,1,
IMV,1,1.7,1,
IMV,1,1.7,1,
IMV,1,1.7,1,
IMV,1,1.7,1,
IMV,1,1.7,276,
IMV,1,1.7,1,
IMV,1,1.7,1,
IMV,1,1.7,1,
IMV,1,1.7,1,
IMV,1,1.7,143,
IMV,1,1.7,1,
IMV,1,1.7,1,
IMV,1,1.7,1,
IMV,1,1.7,1,
IMV,1,1.7,1,
IMV,1,1.7,3,
IMV,1,1.7,1,
IMV,1,1.7,1,
IMV,1,1.7,1,
IMV,1,1.7,2,
IMV,1,1.7,1,
IMV,1,1.7,2,
IMV,1,1.7,14,
IMV,1,1.7,1,
IMV,1,1.7,1,
IMV,1,1.7,1,
IMV,1,1.7,226,
IMV,1,1.7,4,
IMV,1,1.7,4,
IMV,1,1.7,1,
IMV,1,1.7,3,
IMV,1,1.7,1,
IMV,1,1.7,2,
IMV,1,1.7,13,
IMV,1,1.7,4,
IMV,1,1.7,2,
IMV,1,1.7,1,
IMV,1,1.7,1,
IMV,1,1.7,53,
IMV,1,1.7,2,
IMV,1,1.7,2,
IMV,1,1.7,1,
IMV,1,1.7,3,
IMV,1,1.7,4,
IMV,1,1.7,5,
IMV,1,1.7,1,
IMV,1,1.7,1,
IMV,1,1.7,2,
IMV,1,1.7,1,
IMV,1,1.7,1,
IMV,1,1.7,13,
IMV,1,1.7,4,
IMV,1,1.7,18,
IMV,1,1.7,5,
IMV,1,1.7,1,
IMV,1,1.7,2,
IMV,1,1.7,1,
IMV,1,1.7,2,
IMV,1,1.7,6,
IMV,1,1.7,1,
IMV,1,1.7,1,
IMV,1,1.7,3,
IMV,1,1.7,1,
IMV,1,1.7,1,
IMV,1,1.7,1,
IMV,1,1.7,1,
IMV,1,1.7,244,
IMV,1,1.7,2,
IMV,1,1.7,1,
IMV,1,1.7,1,
IMV,1,1.7,1,
IMV,1,1.7,2482,
IMV,1,1.7,1,
IMV,1,1.7,4,
IMV,1,1.7,1,
IMV,1,1.7,1,
IMV,1,1.7,1170,
IMV,1,1.7,18,
IMV,1,1.7,567,
IMV,1,1.7,1,
IMV,1,1.7,1,
IMV,1,1.7,1,
IMV,1,1.7,1,
IMV,1,1.7,1,
IMV,1,1.7,1,
IMV,1,1.7,1,
IMV,1,1.7,1,
IMV,1,1.7,1,
IMV,1,1.7,1,
IMV,1,1.7,18,
IMV,1,1.7,1,
IMV,1,1.7,4,
IMV,1,1.7,1,
IMV,1,1.7,4,
IMV,1,1.7,1,
IMV,1,1.7,2,
IMV,1,1.7,2,
IMV,1,1.7,1,
IMV,1,1.7,1,
IMV,1,1.7,1,
IMV,1,1.7,1,
IMV,1,1.7,6,
IMV,1,1.7,5,
IMV,1,1.7,2,
IMV,1,1.7,1,
IMV,1,1.7,3,
IMV,1,1.7,1,
IMV,1,1.7,2,
IMV,1,1.7,1,
IMV,1,1.7,2,
IMV,1,1.7,2,
IMV,1,1.7,19,
IMV,1,1.7,1,
IMV,1,1.7,1,
IMV,1,1.7,79,
IMV,1,1.7,37,
IMV,1,1.7,14,
IMV,1,1.7,13,
IMV,1,1.7,1,
IMV,1,1.7,1,
IMV,1,1.7,1,
IMV,1,1.7,4924,
IMV,1,1.7,1,
IMV,1,1.7,2,
IMV,1,1.7,1,
IMV,1,1.7,5,
IMV,1,1.7,223,
IMV,1,1.7,1,
IMV,1,1.7,1,
IMV,1,1.7,36,
IMV,1,1.7,1,
IMV,1,1.7,1,
IMV,1,1.7,4,
IMV,1,1.7,18,
IMV,1,1.7,62,
IMV,1,1.7,1,
IMV,1,1.7,4,
IMV,1,1.7,1,
IMV,1,1.7,1,
IMV,1,1.7,2,
IMV,1,1.7,50,
IMV,1,1.7,2,
IMV,1,1.7,1,
IMV,1,1.7,1,
IMV,1,1.7,1,
IMV,1,1.7,1,
IMV,1,1.7,1,
IMV,1,1.7,14798,
IMV,1,1.7,8710,
IMV,1,1.7,1,
IMV,1,1.7,157,
IMV,1,1.7,1,
IMV,1,1.7,1,
IMV,1,1.7,1,
IMV,1,1.7,1,
IMV,1,1.7,3,
IMV,1,1.7,1,
IMV,1,1.7,4141,
IMV,1,1.7,1,
IMV,1,1.7,23,
IMV,1,1.7,1,
IMV,1,1.7,18,
IMV,1,1.7,1,
IMV,1,1.7,15,
IMV,1,1.7,12,
IMV,1,1.7,1,
IMV,1,1.7,2,
IMV,1,1.7,1,
IMV,1,1.7,1,
IMV,1,1.7,494,
IMV,1,1.7,1,
IMV,1,1.7,9,
IMV,1,1.7,1,
IMV,1,1.7,1,
IMV,1,1.7,3,
IMV,1,1.7,25,
IMV,1,1.7,4,
IMV,1,1.7,2400,
IMV,1,1.7,8,
IMV,1,1.7,1372,
IMV,1,1.7,2,
IMV,1,1.7,1,
IMV,1,1.7,10,
IMV,1,1.7,3,
IMV,1,1.7,215,
IMV,1,1.7,1,
IMV,1,1.7,2,
IMV,1,1.7,2,
IMV,1,1.7,1,
IMV,1,1.7,1,
IMV,1,1.7,1,
IMV,1,1.7,1,
IMV,1,1.7,38,
IMV,1,1.7,8,
IMV,1,1.7,1,
IMV,1,1.7,20,
IMV,1,1.7,1,
IMV,1,1.7,1,
IMV,1,1.7,1,
IMV,1,1.7,1,
IMV,1,1.7,1,
IMV,1,1.7,1,
IMV,1,1.7,6,
IMV,1,1.7,111,
IMV,1,1.7,1,
IMV,1,1.7,97,
IMV,1,1.7,1,
IMV,1,1.7,1,
IMV,1,1.7,1,
IMV,1,1.7,4,
IMV,1,1.7,1,
IMV,1,1.7,1,
IMV,1,1.7,789,
IMV,1,1.7,3,
IMV,1,1.7,4,
IMV,1,1.7,10,
IMV,1,1.7,2,
IMV,1,1.7,9,
IMV,1,1.7,1,
IMV,1,1.7,1,
IMV,1,1.7,1,
IMV,1,1.7,2,
IMV,1,1.7,1,
IMV,1,1.7,3,
IMV,1,1.7,1,
IMV,1,1.7,1,
IMV,1,1.7,1,
IMV,1,1.7,1,
IMV,1,1.7,1,
IMV,1,1.7,1,
IMV,1,1.7,8,
IMV,1,1.7,1027,
IMV,1,1.7,1,
IMV,1,1.7,5,
IMV,1,1.7,1,
IMV,1,1.7,1,
IMV,1,1.7,2,
IMV,1,1.7,2,
IMV,1,1.7,1,
IMV,1,1.7,4,
IMV,1,1.7,8,
IMV,1,1.7,1,
IMV,1,1.7,3,
IMV,1,1.7,3,
IMV,1,1.7,370,
IMV,1,1.7,261,
IMV,1,1.7,1,
IMV,1,1.7,153,
IMV,1,1.7,1,
IMV,1,1.7,1,
IMV,1,1.7,3,
IMV,1,1.7,1,
IMV,1,1.7,2,
IMV,1,1.7,395,
IMV,1,1.7,2,
IMV,1,1.7,1,
IMV,1,1.7,192,
IMV,1,1.7,3,
IMV,1,1.7,2,
IMV,1,1.7,1,
IMV,1,1.7,1,
IMV,1,1.7,3,
IMV,1,1.7,241,
IMV,1,1.7,31,
IMV,1,1.7,1,
IMV,1,1.7,1,
IMV,1,1.7,2,
IMV,1,1.7,4,
IMV,1,1.7,1,
IMV,1,1.7,1,
IMV,1,1.7,15,
IMV,1,1.7,962,
IMV,1,1.7,2,
IMV,1,1.7,13,
IMV,1,1.7,1,
IMV,1,1.7,2,
IMV,1,1.7,6,
IMV,1,1.7,9,
IMV,1,1.7,2,
IMV,1,1.7,2,
IMV,1,1.7,1,
IMV,1,1.7,14,
IMV,1,1.7,3,
IMV,1,1.7,3,
IMV,1,1.7,241,
IMV,1,1.7,18,
IMV,1,1.7,348,
IMV,1,1.7,1,
IMV,1,1.7,1,
IMV,1,1.7,2,
IMV,1,1.7,10,
IMV,1,1.7,1,
IMV,1,1.7,30,
IMV,1,1.7,2,
IMV,1,1.7,1,
IMV,1,1.7,1,
IMV,1,1.7,1,
IMV,1,1.7,1,
IMV,1,1.7,2,
IMV,1,1.7,1,
IMV,1,1.7,1,
IMV,1,1.7,1,
IMV,1,1.7,961,
IMV,1,1.7,4201,
IMV,1,1.7,1,
IMV,1,1.7,26,
IMV,1,1.7,1,
IMV,1,1.7,1,
IMV,1,1.7,15184,
IMV,1,1.7,1,
IMV,1,1.7,1,
IMV,1,1.7,1,
IMV,1,1.7,6,
IMV,1,1.7,12,
IMV,1,1.7,10,
IMV,1,1.7,4,
IMV,1,1.7,8,
IMV,1,1.7,3,
IMV,1,1.7,1,
IMV,1,1.7,3,
IMV,1,1.7,1,
IMV,1,1.7,2,
IMV,1,1.7,2,
IMV,1,1.7,2,
IMV,1,1.7,1,
IMV,1,1.7,1,
IMV,1,1.7,7,
IMV,1,1.7,4,
IMV,1,1.7,1,
IMV,1,1.7,3,
IMV,1,1.7,14,
IMV,1,1.7,1,
IMV,1,1.7,19,
IMV,1,1.7,1,
IMV,1,1.7,11,
IMV,1,1.7,41,
IMV,1,1.7,28,
IMV,1,1.7,1,
IMV,1,1.7,1,
IMV,1,1.7,1,
IMV,1,1.7,1,
IMV,1,1.7,1,
IMV,1,1.7,10,
IMV,1,1.7,1,
IMV,1,1.7,408,
IMV,1,1.7,1,
IMV,1,1.7,2,
IMV,1,1.7,1,
IMV,1,1.7,1,
IMV,1,1.7,2,
IMV,1,1.7,3,
IMV,1,1.7,1,
IMV,1,1.7,1,
IMV,1,1.7,3,
IMV,1,1.7,1,
IMV,1,1.7,1,
IMV,1,1.7,2,
IMV,1,1.7,1,
IMV,1,1.7,1,
IMV,1,1.7,1,
IMV,1,1.7,1,
IMV,1,1.7,177,
IMV,1,1.7,1,
IMV,1,1.7,7,
IMV,1,1.7,1,
IMV,1,1.7,4,
IMV,1,1.7,28,
IMV,1,1.7,1,
IMV,1,1.7,1,
IMV,1,1.7,2,
IMV,1,1.7,452,
IMV,1,1.7,1,
IMV,1,1.7,1,
IMV,1,1.7,14,
IMV,1,1.7,1,
IMV,1,1.7,3,
IMV,1,1.7,1,
IMV,1,1.7,2,
IMV,1,1.7,1,
IMV,1,1.7,4,
IMV,1,1.7,1,
IMV,1,1.7,1,
IMV,1,1.7,1,
IMV,1,1.7,1,
IMV,1,1.7,4,
IMV,1,1.7,2,
IMV,1,1.7,1,
IMV,1,1.7,1,
IMV,1,1.7,20,
IMV,1,1.7,2,
IMV,1,1.7,2,
IMV,1,1.7,4,
IMV,1,1.7,3,
IMV,1,1.7,1,
IMV,1,1.7,1,
IMV,1,1.7,1,
IMV,1,1.7,1,
IMV,1,1.7,54,
IMV,1,1.7,1,
IMV,1,1.7,1,
IMV,1,1.7,1,
IMV,1,1.7,196,
IMV,1,1.7,1797,
IMV,1,1.7,1,
IMV,1,1.7,1,
IMV,1,1.7,4,
IMV,1,1.7,1,
IMV,1,1.7,34,
IMV,1,1.7,6794,
IMV,1,1.7,5,
IMV,1,1.7,2,
IMV,1,1.7,34,
IMV,1,1.7,1,
IMV,1,1.7,99,
IMV,1,1.7,6,
IMV,1,1.7,1,
IMV,1,1.7,316,
IMV,1,1.7,1,
IMV,1,1.7,1,
IMV,1,1.7,2,
IMV,1,1.7,8,
IMV,1,1.7,1,
IMV,1,1.7,174,
IMV,1,1.7,3,
IMV,1,1.7,1,
IMV,1,1.7,230,
IMV,1,1.7,1,
IMV,1,1.7,4434,
IMV,1,1.7,102,
IMV,1,1.7,1,
IMV,1,1.7,2,
IMV,1,1.7,6,
IMV,1,1.7,1,
IMV,1,1.7,797,
IMV,1,1.7,1,
IMV,1,1.7,8,
IMV,1,1.7,1,
IMV,1,1.7,1,
IMV,1,1.7,1,
IMV,1,1.7,3,
IMV,1,1.7,3,
IMV,1,1.7,1,
IMV,1,1.7,1,
IMV,1,1.7,3424,
IMV,1,1.7,31207,
IMV,1,1.7,33223,
IMV,1,1.7,55663,
AV,1,1,1,
AV,1,1,1,
AV,1,1,1,
AV,1,1,1,
AV,1,1,3,
AV,1,1,1,
AV,1,1,3,
AV,1,1,1,
AV,1,1,1,
AV,1,1,1,
AV,1,1,1,
AV,1,1,3,
AV,1,1,1,
AV,1,1,3,
AV,1,1,1,
AV,1,1,1,
AV,1,1,1,
AV,1,1,1,
AV,1,1,1,
AV,1,1,4,
AV,1,1,10,
AV,1,1,1,
AV,1,1,3,
AV,1,1,1,
AV,1,1,2,
AV,1,1,3,
AV,1,1,4,
AV,1,1,1,
AV,1,1,1,
AV,1,1,2,
AV,1,1,1,
AV,1,1,1,
AV,1,1,1,
AV,1,1,1,
AV,1,1,1,
AV,1,1,1,
AV,1,1,1,
AV,1,1,1,
AV,1,1,1,
AV,1,1,1,
AV,1,1,14,
AV,1,1,2,
AV,1,1,2,
AV,1,1,3,
AV,1,1,1,
AV,1,1,2,
AV,1,1,1,
AV,1,1,4,
AV,1,1,1,
AV,1,1,1,
AV,1,1,1,
AV,1,1,1,
AV,1,1,1,
AV,1,1,7,
AV,1,1,1,
AV,1,1,1,
AV,1,1,1,
AV,1,1,1,
AV,1,1,1,
AV,1,1,3,
AV,1,1,1,
AV,1,1,1,
AV,1,1,1,
AV,1,1,2,
AV,1,1,2,
AV,1,1,15,
AV,1,1,1,
AV,1,1,2,
AV,1,1,1,
AV,1,1,1,
AV,1,1,22,
AV,1,1,483,
AV,1,1,1,
AV,1,1,1,
AV,1,1,1,
AV,1,1,2,
AV,1,1,5,
AV,1,1,2,
AV,1,1,1,
AV,1,1,3,
AV,1,1,1,
AV,1,1,1,
AV,1,1,1,
AV,1,1,1,
AV,1,1,2,
AV,1,1,1,
AV,1,1,28,
AV,1,1,1,
AV,1,1,3,
AV,1,1,1,
AV,1,1,2,
AV,1,1,1,
AV,1,1,1,
AV,1,1,1,
AV,1,1,1847,
AV,1,1,1,
AV,1,1,1,
AV,1,1,1,
AV,1,1,2,
AV,1,1,1,
AV,1,1,1,
AV,1,1,1,
AV,1,1,1,
AV,1,1,3,
AV,1,1,205,
AV,1,1,1,
AV,1,1,1,
AV,1,1,2,
AV,1,1,3,
AV,1,1,1,
AV,1,1,3,
AV,1,1,1,
AV,1,1,1,
AV,1,1,2,
AV,1,1,1,
AV,1,1,1,
AV,1,1,9,
AV,1,1,4,
AV,1,1,1,
AV,1,1,2361,
AV,1,1,2,
AV,1,1,6,
AV,1,1,53,
AV,1,1,1,
AV,1,1,3,
AV,1,1,1,
AV,1,1,12,
AV,1,1,1,
AV,1,1,5,
AV,1,1,2,
AV,1,1,1,
AV,1,1,3,
AV,1,1,1,
AV,1,1,1,
AV,1,1,1,
AV,1,1,4,
AV,1,1,151,
AV,1,1,802,
AV,1,1,1,
AV,1,1,1,
AV,1,1,5,
AV,1,1,1,
AV,1,1,2,
AV,1,1,1,
AV,1,1,1,
AV,1,1,1,
AV,1,1,1,
AV,1,1,1,
AV,1,1,1,
AV,1,1,7,
AV,1,1,3,
AV,1,1,1,
AV,1,1,3,
AV,1,1,5,
AV,1,1,12,
AV,1,1,1,
AV,1,1,2891,
AV,1,1,2,
AV,1,1,1,
AV,1,1,8,
AV,1,1,2,
AV,1,1,1,
AV,1,1,12439,
AV,1,1,3,
AV,1,1,5,
AV,1,1,1,
AV,1,1,1,
AV,1,1,2,
AV,1,1,13337,
AV,1,1,1,
AV,1,1,1,
AV,1,1,1,
AV,1,1,1,
AV,1,1,1,
AV,1,1,1,
AV,1,1,26,
AV,1,1,1,
AV,1,1,1,
AV,1,1,447,
AV,1,1,1,
AV,1,1,1,
AV,1,1,1,
AV,1,1,2,
AV,1,1,1,
AV,1,1,3,
AV,1,1,1,
AV,1,1,10,
AV,1,1,1,
AV,1,1,2,
AV,1,1,379,
AV,1,1,4,
AV,1,1,1,
AV,1,1,17,
AV,1,1,3,
AV,1,1,10,
AV,1,1,3,
AV,1,1,1,
AV,1,1,1,
AV,1,1,2,
AV,1,1,1,
AV,1,1,6,
AV,1,1,1,
AV,1,1,1,
AV,1,1,1,
AV,1,1,1,
AV,1,1,1,
AV,1,1,1,
AV,1,1,1,
AV,1,1,2,
AV,1,1,1,
AV,1,1,1,
AV,1,1,1,
AV,1,1,1,
AV,1,1,1,
AV,1,1,1,
AV,1,1,1,
AV,1,1,1,
AV,1,1,1,
AV,1,1,1,
AV,1,1,2,
AV,1,1,1,
AV,1,1,1,
AV,1,1,13,
AV,1,1,1,
AV,1,1,4,
AV,1,1,1,
AV,1,1,1,
AV,1,1,1,
AV,1,1,1,
AV,1,1,1,
AV,1,1,1,
AV,1,1,4,
AV,1,1,1,
AV,1,1,1,
AV,1,1,11,
AV,1,1,1,
AV,1,1,21841,
AV,1,1,10301,
AV,1,1,1,
AV,1,1,3,
AV,1,1,1,
AV,1,1,1,
AV,1,1,1,
AV,1,1,2,
AV,1,1,1,
AV,1,1,1,
AV,1,1,4,
AV,1,1,1,
AV,1,1,1,
AV,1,1,1,
AV,1,1,18,
AV,1,1,1,
AV,1,1,1,
AV,1,1,3,
AV,1,1,2,
AV,1,1,1,
AV,1,1,1,
AV,1,1,111,
AV,1,1,1,
AV,1,1,1,
AV,1,1,1263,
AV,1,1,3,
AV,1,1,3431,
AV,1,1,3,
AV,1,1,1,
AV,1,1,8,
AV,1,1,86,
AV,1,1,1,
AV,1,1,7,
AV,1,1,5084,
AV,1,1,1,
AV,1,1,1,
AV,1,1,50,
AV,1,1,8,
AV,1,1,1,
AV,1,1,1,
AV,1,1,4,
AV,1,1,1,
AV,1,1,1,
AV,1,1,1,
AV,1,1,1,
AV,1,1,2,
AV,1,1,1,
AV,1,1,1,
AV,1,1,1,
AV,1,1,1,
AV,1,1,1,
AV,1,1,17859,
AV,1,1,2,
AV,1,1,18,
AV,1,1,1,
AV,1,1,1,
AV,1,1,1,
AV,1,1,5,
AV,1,1,1,
AV,1,1,11,
AV,1,1,2259,
AV,1,1,1,
AV,1,1,3,
AV,1,1,28083,
AV,1,1,2,
AV,1,1,71,
AV,1,1,922,
AV,1,1,2,
AV,1,1,26629,
AV,1,1,4,
AV,1,1,4,
AV,1,1,2,
AV,1,1,14,
AV,1,1,17,
AV,1,1,1,
AV,1,1,3,
AV,1,1,1,
AV,1,1,1,
AV,1,1,1,
AV,1,1,1,
AV,1,1,2,
AV,1,1,1,
AV,1,1,1,
AV,1,1,1,
AV,1,1,6,
AV,1,1,1,
AV,1,1,1,
AV,1,1,3,
AV,1,1,1,
AV,1,1,1,
AV,1,1,1,
AV,1,1,1,
AV,1,1,2,
AV,1,1,3,
AV,1,1,16,
AV,1,1,3,
AV,1,1,2,
AV,1,1,343,
AV,1,1,12,
AV,1,1,1,
AV,1,1,5,
AV,1,1,2,
AV,1,1,2,
AV,1,1,4,
AV,1,1,1,
AV,1,1,1,
AV,1,1,1,
AV,1,1,4,
AV,1,1,1,
AV,1,1,1,
AV,1,1,207,
AV,1,1,2,
AV,1,1,1,
AV,1,1,1,
AV,1,1,1,
AV,1,1,2,
AV,1,1,3,
AV,1,1,2,
AV,1,1,1,
AV,1,1,20,
AV,1,1,1,
AV,1,1,2,
AV,1,1,2,
AV,1,1,1,
AV,1,1,1,
AV,1,1,3,
AV,1,1,5,
AV,1,1,1,
AV,1,1,544,
AV,1,1,1,
AV,1,1,7,
AV,1,1,2,
AV,1,1,1,
AV,1,1,1,
AV,1,1,1,
AV,1,1,5,
AV,1,1,2,
AV,1,1,1,
AV,1,1,1,
AV,1,1,1,
AV,1,1,3,
AV,1,1,2,
AV,1,1,1,
AV,1,1,4,
AV,1,1,5,
AV,1,1,4,
AV,1,1,1,
AV,1,1,1,
AV,1,1,12,
AV,1,1,1,
AV,1,1,34,
AV,1,1,1,
AV,1,1,6,
AV,1,1,1,
AV,1,1,2,
AV,1,1,1,
AV,1,1,1,
AV,1,1,1,
AV,1,1,6,
AV,1,1,1,
AV,1,1,3,
AV,1,1,7,
AV,1,1,1,
AV,1,1,1,
AV,1,1,1,
AV,1,1,1,
AV,1,1,5,
AV,1,1,1,
AV,1,1,1,
AV,1,1,24850,
AV,1,1,1,
AV,1,1,1,
AV,1,1,1,
AV,1,1,1,
AV,1,1,1,
AV,1,1,1,
AV,1,1,1,
AV,1,1,1,
AV,1,1,1,
AV,1,1,1,
AV,1,1,1,
AV,1,1,11,
AV,1,1,1,
AV,1,1,1,
AV,1,1,1,
AV,1,1,2,
AV,1,1,4,
AV,1,1,2,
AV,1,1,1,
AV,1,1,3,
AV,1,1,2,
AV,1,1,1,
AV,1,1,4,
AV,1,1,1,
AV,1,1,20,
AV,1,1,13,
AV,1,1,1,
AV,1,1,3,
AV,1,1,2,
AV,1,1,2,
AV,1,1,1,
AV,1,1,1,
AV,1,1,1,
AV,1,1,1,
AV,1,1,1,
AV,1,1,189,
AV,1,1,7,
AV,1,1,1,
AV,1,1,3,
AV,1,1,1,
AV,1,1,1,
AV,1,1,1,
AV,1,1,2,
AV,1,1,1,
AV,1,1,1,
AV,1,1,1,
AV,1,1,1,
AV,1,1,1,
AV,1,1,20063,
AV,1,1,1,
AV,1,1,1,
AV,1,1,1,
AV,1,1,1,
AV,1,1,1,
AV,1,1,2,
AV,1,1,1,
AV,1,1,225,
AV,1,1,1,
AV,1,1,4,
AV,1,1,11,
AV,1,1,1,
AV,1,1,1,
AV,1,1,3,
AV,1,1,1,
AV,1,1,10,
AV,1,1,1,
AV,1,1,1,
AV,1,1,1,
AV,1,1,1,
AV,1,1,1,
AV,1,1,1,
AV,1,1,2,
AV,1,1,1,
AV,1,1,1,
AV,1,1,1,
AV,1,1,43,
AV,1,1,1,
AV,1,1,43,
AV,1,1,1,
AV,1,1,3,
AV,1,1,43775,
AV,1,1,4,
AV,1,1,3,
AV,1,1,1,
AV,1,1,2,
AV,1,1,1,
AV,1,1,205,
AV,1,1,1,
AV,1,1,2,
AV,1,1,1,
AV,1,1,1,
AV,1,1,1,
AV,1,1,1,
AV,1,1,1,
AV,1,1,1,
AV,1,1,17,
AV,1,1,1,
AV,1,1,1,
AV,1,1,1,
AV,1,1,1,
AV,1,1,1,
AV,1,1,1,
AV,1,1,1,
AV,1,1,4,
AV,1,1,1,
AV,1,1,1,
AV,1,1,1,
AV,1,1,1,
AV,1,1,1,
AV,1,1,1,
AV,1,1,1,
AV,1,1,1,
AV,1,1,1,
AV,1,1,13,
AV,1,1,5061,
AV,1,1,15506,
AV,1,1,1,
AV,1,1,1,
AV,1,1,1,
AV,1,1,1,
AV,1,1,928,
AV,1,1,1,
AV,1,1,1,
AV,1,1,578,
AV,1,1,1,
AV,1,1,2,
AV,1,1,8,
AV,1,1,1,
AV,1,1,1,
AV,1,1,1,
AV,1,1,1,
AV,1,1,1,
AV,1,1,1,
AV,1,1,205,
AV,1,1,1,
AV,1,1,14908,
AV,1,1,2,
AV,1,1,1,
AV,1,1,1,
AV,1,1,2,
AV,1,1,2,
AV,1,1,1,
AV,1,1,1,
AV,1,1,1,
AV,1,1,1,
AV,1,1,1,
AV,1,1,4,
AV,1,1,2,
AV,1,1,1,
AV,1,1,1,
AV,1,1,1,
AV,1,1,1,
AV,1,1,1,
AV,1,1,3,
AV,1,1,7394,
AV,1,1,6,
AV,1,1,18,
AV,1,1,1,
AV,1,1,6813,
AV,1,1,3,
AV,1,1,1,
AV,1,1,1,
AV,1,1,1,
AV,1,1,1,
AV,1,1,2,
AV,1,1,1,
AV,1,1,1,
AV,1,1,1,
AV,1,1,1,
AV,1,1,4,
AV,1,1,7,
AV,1,1,1,
AV,1,1,6,
AV,1,1,2,
AV,1,1,3,
AV,1,1,1,
AV,1,1,2,
AV,1,1,11,
AV,1,1,1,
AV,1,1,1,
AV,1,1,2,
AV,1,1,8,
AV,1,1,4,
AV,1,1,1,
AV,1,1,1,
AV,1,1,1,
AV,1,1,1,
AV,1,1,1,
AV,1,1,1,
AV,1,1,1,
AV,1,1,1,
AV,1,1,3,
AV,1,1,3,
AV,1,1,2,
AV,1,1,4,
AV,1,1,1,
AV,1,1,5,
AV,1,1,5,
AV,1,1,3,
AV,1,1,1,
AV,1,1,1,
AV,1,1,1,
AV,1,1,1,
AV,1,1,5,
AV,1,1,1,
AV,1,1,1,
AV,1,1,5,
AV,1,1,1,
AV,1,1,1,
AV,1,1,49072,
AV,1,1,611,
AV,1,1,1,
AV,1,1,8,
AV,1,1,1,
AV,1,1,1,
AV,1,1,5,
AV,1,1,1,
AV,1,1,1,
AV,1,1,1,
AV,1,1,1,
AV,1,1,17,
AV,1,1,2,
AV,1,1,2,
AV,1,1,1,
AV,1,1,152,
AV,1,1,3,
AV,1,1,1,
AV,1,1,1,
AV,1,1,19,
AV,1,1,3,
AV,1,1,1,
AV,1,1,1,
AV,1,1,3,
AV,1,1,1,
AV,1,1,1,
AV,1,1,2,
AV,1,1,2,
AV,1,1,3,
AV,1,1,1,
AV,1,1,1,
AV,1,1,1,
AV,1,1,1,
AV,1,1,1,
AV,1,1,3,
AV,1,1,6,
AV,1,1,1,
AV,1,1,1,
AV,1,1,1,
AV,1,1,1,
AV,1,1,1,
AV,1,1,19,
AV,1,1,1,
AV,1,1,1,
AV,1,1,1,
AV,1,1,2,
AV,1,1,6,
AV,1,1,10,
AV,1,1,1,
AV,1,1,1,
AV,1,1,2,
AV,1,1,1,
AV,1,1,64,
AV,1,1,10,
AV,1,1,1,
AV,1,1,1,
AV,1,1,1,
AV,1,1,9,
AV,1,1,1,
AV,1,1,3,
AV,1,1,1,
AV,1,1,2,
AV,1,1,1,
AV,1,1,6,
AV,1,1,1,
AV,1,1,5,
AV,1,1,15,
AV,1,1,4,
AV,1,1,2,
AV,1,1,1,
AV,1,1,66,
AV,1,1,1,
AV,1,1,1,
AV,1,1,1,
AV,1,1,1,
AV,1,1,1,
AV,1,1,4,
AV,1,1,17,
AV,1,1,1,
AV,1,1,1,
AV,1,1,2,
AV,1,1,2,
AV,1,1,1,
AV,1,1,1,
AV,1,1,1,
AV,1,1,3,
AV,1,1,1,
AV,1,1,4,
AV,1,1,1,
AV,1,1,1,
AV,1,1,1,
AV,1,1,1,
AV,1,1,2,
AV,1,1,4,
AV,1,1,2,
AV,1,1,1,
AV,1,1,1,
AV,1,1,9063,
AV,1,1,1,
AV,1,1,1,
AV,1,1,1,
AV,1,1,3,
AV,1,1,2,
AV,1,1,231,
AV,1,1,4,
AV,1,1,1,
AV,1,1,214,
AV,1,1,1,
AV,1,1,13,
AV,1,1,26,
AV,1,1,1,
AV,1,1,1,
AV,1,1,19916,
AV,1,1,1,
AV,1,1,1,
AV,1,1,1,
AV,1,1,1,
AV,1,1,1,
AV,1,1,1,
AV,1,1,5,
AV,1,1,39,
AV,1,1,1,
AV,1,1,1,
AV,1,1,2,
AV,1,1,1,
AV,1,1,1,
AV,1,1,6,
AV,1,1,1,
AV,1,1,1,
AV,1,1,3,
AV,1,1,1,
AV,1,1,1,
AV,1,1,2,
AV,1,1,5,
AV,1,1,1,
AV,1,1,1,
AV,1,1,16909,
AV,1,1,5,
AV,1,1,236,
AV,1,1,1,
AV,1,1,6,
AV,1,1,1,
AV,1,1,1,
AV,1,1,1,
AV,1,1,1,
AV,1,1,6,
AV,1,1,1,
AV,1,1,1,
AV,1,1,3,
AV,1,1,6,
AV,1,1,1,
AV,1,1,26,
AV,1,1,2,
AV,1,1,1,
AV,1,1,1,
AV,1,1,1,
AV,1,1,1,
AV,1,1,14,
AV,1,1,1,
AV,1,1,1,
AV,1,1,1,
AV,1,1,3,
AV,1,1,1,
AV,1,1,1,
AV,1,1,1,
AV,1,1,1,
AV,1,1,3,
AV,1,1,4,
AV,1,1,1,
AV,1,1,1,
AV,1,1,1,
AV,1,1,1,
AV,1,1,1,
AV,1,1,1,
AV,1,1,3,
AV,1,1,1,
AV,1,1,1,
AV,1,1,1,
AV,1,1,3488,
AV,1,1,3,
AV,1,1,1,
AV,1,1,1,
AV,1,1,3039,
AV,1,1,1,
AV,1,1,35610,
AV,1,1,1,
AV,1,1,2,
AV,1,1,1,
AV,1,1,1,
AV,1,1,1,
AV,1,1,12,
AV,1,1,3,
AV,1,1,2,
AV,1,1,1,
AV,1,1,1,
AV,1,1,3,
AV,1,1,1,
AV,1,1,3,
AV,1,1,2,
AV,1,1,2,
AV,1,1,1,
AV,1,1,107,
AV,1,1,1,
AV,1,1,5,
AV,1,1,5,
AV,1,1,1,
AV,1,1,72209,
AV,1,1,1,
AV,1,1,2,
AV,1,1,2,
AV,1,1,1,
AV,1,1,1,
AV,1,1,3,
AV,1,1,1,
AV,1,1,1,
AV,1,1,1,
AV,1,1,2,
AV,1,1,1,
AV,1,1,12,
AV,1,1,1,
AV,1,1,1,
AV,1,1,1,
AV,1,1,1,
AV,1,1,12,
AV,1,1,2,
AV,1,1,1,
AV,1,1,1,
AV,1,1,1,
AV,1,1,4,
AV,1,1,1,
AV,1,1,1,
AV,1,1,2,
AV,1,1,31,
AV,1,1,1,
AV,1,1,1,
AV,1,1,1,
AV,1,1,5,
AV,1,1,358,
AV,1,1,1,
AV,1,1,101,
AV,1,1,1,
AV,1,1,1,
AV,1,1,1,
AV,1,1,1,
AV,1,1,7,
AV,1,1,1,
AV,1,1,6,
AV,1,1,3,
AV,1,1,1,
AV,1,1,1,
AV,1,1,8,
AV,1,1,1,
AV,1,1,1,
AV,1,1,1,
AV,1,1,34,
AV,1,1,3,
AV,1,1,123,
AV,1,1,60,
AV,1,1,2,
AV,1,1,1,
AV,1,1,1,
AV,1,1,1,
AV,1,1,1,
AV,1,1,2,
AV,1,1,1,
AV,1,1,1,
AV,1,1,2,
AV,1,1,5,
AV,1,1,1,
AV,1,1,6,
AV,1,1,60547,
AV,1,1,1,
AV,1,1,2,
AV,1,1,2,
AV,1,1,1,
AV,1,1,2,
AV,1,1,1,
AV,1,1,1,
AV,1,1,1,
AV,1,1,3,
AV,1,1,1,
AV,1,1,1,
AV,1,1,2,
AV,1,1,7,
AV,1,1,16,
AV,1,1,2,
AV,1,1,1,
AV,1,1,7,
AV,1,1,1,
AV,1,1,2,
AV,1,1,21,
AV,1,1,4,
AV,1,1,2,
AV,1,1,1,
AV,1,1,1,
AV,1,1,4451,
AV,1,1,1,
AV,1,1.2,1,
AV,1,1.2,3,
AV,1,1.2,1,
AV,1,1.2,1,
AV,1,1.2,1,
AV,1,1.2,1,
AV,1,1.2,1,
AV,1,1.2,4,
AV,1,1.2,1,
AV,1,1.2,2,
AV,1,1.2,1,
AV,1,1.2,3,
AV,1,1.2,4,
AV,1,1.2,6,
AV,1,1.2,7,
AV,1,1.2,22,
AV,1,1.2,1,
AV,1,1.2,1,
AV,1,1.2,1,
AV,1,1.2,1,
AV,1,1.2,14,
AV,1,1.2,1,
AV,1,1.2,5,
AV,1,1.2,2,
AV,1,1.2,1,
AV,1,1.2,1,
AV,1,1.2,7,
AV,1,1.2,1,
AV,1,1.2,1,
AV,1,1.2,67,
AV,1,1.2,1,
AV,1,1.2,4,
AV,1,1.2,2,
AV,1,1.2,1,
AV,1,1.2,6,
AV,1,1.2,1,
AV,1,1.2,1,
AV,1,1.2,1,
AV,1,1.2,1,
AV,1,1.2,3,
AV,1,1.2,42,
AV,1,1.2,1,
AV,1,1.2,2,
AV,1,1.2,1,
AV,1,1.2,1,
AV,1,1.2,5,
AV,1,1.2,1,
AV,1,1.2,2,
AV,1,1.2,17,
AV,1,1.2,3,
AV,1,1.2,1,
AV,1,1.2,1,
AV,1,1.2,1,
AV,1,1.2,1,
AV,1,1.2,8,
AV,1,1.2,1,
AV,1,1.2,1,
AV,1,1.2,1,
AV,1,1.2,1,
AV,1,1.2,6,
AV,1,1.2,16,
AV,1,1.2,3,
AV,1,1.2,1,
AV,1,1.2,1,
AV,1,1.2,1,
AV,1,1.2,1,
AV,1,1.2,6,
AV,1,1.2,1,
AV,1,1.2,6,
AV,1,1.2,5,
AV,1,1.2,2,
AV,1,1.2,1,
AV,1,1.2,1,
AV,1,1.2,1,
AV,1,1.2,10,
AV,1,1.2,2,
AV,1,1.2,1,
AV,1,1.2,1,
AV,1,1.2,1,
AV,1,1.2,1,
AV,1,1.2,1,
AV,1,1.2,3,
AV,1,1.2,1,
AV,1,1.2,1,
AV,1,1.2,3,
AV,1,1.2,1,
AV,1,1.2,1,
AV,1,1.2,1,
AV,1,1.2,2,
AV,1,1.2,3,
AV,1,1.2,19,
AV,1,1.2,1,
AV,1,1.2,1,
AV,1,1.2,1,
AV,1,1.2,1,
AV,1,1.2,1,
AV,1,1.2,1,
AV,1,1.2,1,
AV,1,1.2,2,
AV,1,1.2,1,
AV,1,1.2,1,
AV,1,1.2,2,
AV,1,1.2,1,
AV,1,1.2,3,
AV,1,1.2,1,
AV,1,1.2,1,
AV,1,1.2,1,
AV,1,1.2,1,
AV,1,1.2,33,
AV,1,1.2,1,
AV,1,1.2,28,
AV,1,1.2,7,
AV,1,1.2,1,
AV,1,1.2,1,
AV,1,1.2,2,
AV,1,1.2,1,
AV,1,1.2,1,
AV,1,1.2,58,
AV,1,1.2,1,
AV,1,1.2,2,
AV,1,1.2,2,
AV,1,1.2,1,
AV,1,1.2,1,
AV,1,1.2,1,
AV,1,1.2,4,
AV,1,1.2,1,
AV,1,1.2,2,
AV,1,1.2,32,
AV,1,1.2,1,
AV,1,1.2,2,
AV,1,1.2,12311,
AV,1,1.2,2,
AV,1,1.2,2,
AV,1,1.2,2,
AV,1,1.2,2,
AV,1,1.2,7,
AV,1,1.2,2,
AV,1,1.2,1,
AV,1,1.2,1,
AV,1,1.2,2,
AV,1,1.2,3,
AV,1,1.2,9,
AV,1,1.2,3,
AV,1,1.2,1,
AV,1,1.2,2,
AV,1,1.2,4,
AV,1,1.2,1,
AV,1,1.2,1,
AV,1,1.2,1,
AV,1,1.2,128,
AV,1,1.2,1,
AV,1,1.2,1,
AV,1,1.2,2,
AV,1,1.2,3,
AV,1,1.2,1,
AV,1,1.2,2,
AV,1,1.2,1,
AV,1,1.2,1,
AV,1,1.2,5,
AV,1,1.2,1,
AV,1,1.2,1,
AV,1,1.2,1,
AV,1,1.2,1,
AV,1,1.2,1,
AV,1,1.2,1,
AV,1,1.2,2,
AV,1,1.2,3,
AV,1,1.2,1,
AV,1,1.2,1,
AV,1,1.2,2,
AV,1,1.2,1,
AV,1,1.2,3,
AV,1,1.2,1,
AV,1,1.2,1,
AV,1,1.2,1,
AV,1,1.2,1,
AV,1,1.2,3,
AV,1,1.2,4,
AV,1,1.2,1,
AV,1,1.2,1,
AV,1,1.2,1,
AV,1,1.2,1,
AV,1,1.2,1,
AV,1,1.2,1,
AV,1,1.2,3,
AV,1,1.2,2,
AV,1,1.2,1,
AV,1,1.2,1,
AV,1,1.2,1,
AV,1,1.2,1,
AV,1,1.2,95,
AV,1,1.2,1,
AV,1,1.2,1,
AV,1,1.2,3,
AV,1,1.2,1,
AV,1,1.2,1,
AV,1,1.2,4,
AV,1,1.2,3,
AV,1,1.2,13,
AV,1,1.2,1,
AV,1,1.2,2,
AV,1,1.2,35,
AV,1,1.2,2,
AV,1,1.2,1,
AV,1,1.2,2806,
AV,1,1.2,1,
AV,1,1.2,1,
AV,1,1.2,2,
AV,1,1.2,11,
AV,1,1.2,2,
AV,1,1.2,1,
AV,1,1.2,1,
AV,1,1.2,1,
AV,1,1.2,2,
AV,1,1.2,2,
AV,1,1.2,2,
AV,1,1.2,1,
AV,1,1.2,1,
AV,1,1.2,4,
AV,1,1.2,1,
AV,1,1.2,1,
AV,1,1.2,3,
AV,1,1.2,1,
AV,1,1.2,6,
AV,1,1.2,3,
AV,1,1.2,2,
AV,1,1.2,44,
AV,1,1.2,1,
AV,1,1.2,26,
AV,1,1.2,1,
AV,1,1.2,2,
AV,1,1.2,3,
AV,1,1.2,70,
AV,1,1.2,2,
AV,1,1.2,1,
AV,1,1.2,1,
AV,1,1.2,3,
AV,1,1.2,58,
AV,1,1.2,2,
AV,1,1.2,3,
AV,1,1.2,1,
AV,1,1.2,13,
AV,1,1.2,1,
AV,1,1.2,6,
AV,1,1.2,1,
AV,1,1.2,1,
AV,1,1.2,1,
AV,1,1.2,5065,
AV,1,1.2,1,
AV,1,1.2,1,
AV,1,1.2,254,
AV,1,1.2,80,
AV,1,1.2,1,
AV,1,1.2,1,
AV,1,1.2,1,
AV,1,1.2,766,
AV,1,1.2,12559,
AV,1,1.2,1,
AV,1,1.2,4,
AV,1,1.2,1,
AV,1,1.2,4,
AV,1,1.2,1,
AV,1,1.2,1,
AV,1,1.2,3,
AV,1,1.2,2,
AV,1,1.2,1,
AV,1,1.2,1,
AV,1,1.2,6,
AV,1,1.2,1,
AV,1,1.2,3,
AV,1,1.2,10762,
AV,1,1.2,1,
AV,1,1.2,1,
AV,1,1.2,1,
AV,1,1.2,2,
AV,1,1.2,3,
AV,1,1.2,1,
AV,1,1.2,1,
AV,1,1.2,544,
AV,1,1.2,2,
AV,1,1.2,1,
AV,1,1.2,4,
AV,1,1.2,16,
AV,1,1.2,2663,
AV,1,1.2,1,
AV,1,1.2,1,
AV,1,1.2,3,
AV,1,1.2,1,
AV,1,1.2,1,
AV,1,1.2,1,
AV,1,1.2,1,
AV,1,1.2,2,
AV,1,1.2,42,
AV,1,1.2,1,
AV,1,1.2,3,
AV,1,1.2,1,
AV,1,1.2,21,
AV,1,1.2,1,
AV,1,1.2,1,
AV,1,1.2,2,
AV,1,1.2,2,
AV,1,1.2,1,
AV,1,1.2,1,
AV,1,1.2,1,
AV,1,1.2,1,
AV,1,1.2,3,
AV,1,1.2,2,
AV,1,1.2,2,
AV,1,1.2,2,
AV,1,1.2,1,
AV,1,1.2,1,
AV,1,1.2,1,
AV,1,1.2,1,
AV,1,1.2,4,
AV,1,1.2,1,
AV,1,1.2,1,
AV,1,1.2,1,
AV,1,1.2,1,
AV,1,1.2,1,
AV,1,1.2,1,
AV,1,1.2,14,
AV,1,1.2,1,
AV,1,1.2,1,
AV,1,1.2,5,
AV,1,1.2,1,
AV,1,1.2,1,
AV,1,1.2,2,
AV,1,1.2,1,
AV,1,1.2,1,
AV,1,1.2,14558,
AV,1,1.2,2,
AV,1,1.2,1,
AV,1,1.2,1,
AV,1,1.2,536,
AV,1,1.2,1,
AV,1,1.2,1,
AV,1,1.2,1,
AV,1,1.2,2,
AV,1,1.2,1,
AV,1,1.2,4,
AV,1,1.2,329,
AV,1,1.2,1,
AV,1,1.2,4,
AV,1,1.2,1,
AV,1,1.2,1,
AV,1,1.2,2,
AV,1,1.2,3326,
AV,1,1.2,1,
AV,1,1.2,1,
AV,1,1.2,1,
AV,1,1.2,19,
AV,1,1.2,2,
AV,1,1.2,1,
AV,1,1.2,24,
AV,1,1.2,1,
AV,1,1.2,1,
AV,1,1.2,18,
AV,1,1.2,1,
AV,1,1.2,9,
AV,1,1.2,2,
AV,1,1.2,1,
AV,1,1.2,1,
AV,1,1.2,320,
AV,1,1.2,37624,
AV,1,1.2,2,
AV,1,1.2,1,
AV,1,1.2,2,
AV,1,1.2,1,
AV,1,1.2,2,
AV,1,1.2,1,
AV,1,1.2,1,
AV,1,1.2,1,
AV,1,1.2,1,
AV,1,1.2,1,
AV,1,1.2,1,
AV,1,1.2,1,
AV,1,1.2,28,
AV,1,1.2,1,
AV,1,1.2,3,
AV,1,1.2,88,
AV,1,1.2,2,
AV,1,1.2,41,
AV,1,1.2,1,
AV,1,1.2,2,
AV,1,1.2,1,
AV,1,1.2,1842,
AV,1,1.2,1,
AV,1,1.2,17,
AV,1,1.2,2,
AV,1,1.2,1,
AV,1,1.2,1,
AV,1,1.2,5,
AV,1,1.2,1,
AV,1,1.2,1,
AV,1,1.2,1,
AV,1,1.2,1,
AV,1,1.2,1,
AV,1,1.2,1,
AV,1,1.2,1,
AV,1,1.2,1,
AV,1,1.2,1,
AV,1,1.2,2,
AV,1,1.2,1,
AV,1,1.2,1,
AV,1,1.2,4,
AV,1,1.2,1,
AV,1,1.2,61,
AV,1,1.2,1,
AV,1,1.2,1,
AV,1,1.2,1,
AV,1,1.2,1,
AV,1,1.2,2,
AV,1,1.2,1,
AV,1,1.2,2,
AV,1,1.2,1,
AV,1,1.2,11,
AV,1,1.2,1,
AV,1,1.2,40548,
AV,1,1.2,1,
AV,1,1.2,4,
AV,1,1.2,1,
AV,1,1.2,6,
AV,1,1.2,1,
AV,1,1.2,30713,
AV,1,1.2,1,
AV,1,1.2,1,
AV,1,1.2,31636,
AV,1,1.2,1,
AV,1,1.2,3,
AV,1,1.2,1,
AV,1,1.2,1,
AV,1,1.2,1,
AV,1,1.2,154,
AV,1,1.2,4,
AV,1,1.2,1,
AV,1,1.2,24,
AV,1,1.2,5,
AV,1,1.2,1,
AV,1,1.2,1,
AV,1,1.2,1,
AV,1,1.2,2,
AV,1,1.2,42,
AV,1,1.2,1,
AV,1,1.2,2,
AV,1,1.2,19,
AV,1,1.2,41,
AV,1,1.2,1,
AV,1,1.2,1,
AV,1,1.2,17880,
AV,1,1.2,1,
AV,1,1.2,2,
AV,1,1.2,1,
AV,1,1.2,1,
AV,1,1.2,1,
AV,1,1.2,9,
AV,1,1.2,1,
AV,1,1.2,12,
AV,1,1.2,1,
AV,1,1.2,2,
AV,1,1.2,1,
AV,1,1.2,20085,
AV,1,1.2,2,
AV,1,1.2,632,
AV,1,1.2,1,
AV,1,1.2,1,
AV,1,1.2,1,
AV,1,1.2,43,
AV,1,1.2,1,
AV,1,1.2,1,
AV,1,1.2,1,
AV,1,1.2,2,
AV,1,1.2,1,
AV,1,1.2,18,
AV,1,1.2,1,
AV,1,1.2,1,
AV,1,1.2,2,
AV,1,1.2,10,
AV,1,1.2,1,
AV,1,1.2,3,
AV,1,1.2,1,
AV,1,1.2,2,
AV,1,1.2,1,
AV,1,1.2,1,
AV,1,1.2,2,
AV,1,1.2,1,
AV,1,1.2,1,
AV,1,1.2,1,
AV,1,1.2,1,
AV,1,1.2,1,
AV,1,1.2,1,
AV,1,1.2,1,
AV,1,1.2,13,
AV,1,1.2,1,
AV,1,1.2,7,
AV,1,1.2,3,
AV,1,1.2,1,
AV,1,1.2,8,
AV,1,1.2,2,
AV,1,1.2,2,
AV,1,1.2,1,
AV,1,1.2,1,
AV,1,1.2,7,
AV,1,1.2,1,
AV,1,1.2,1,
AV,1,1.2,1,
AV,1,1.2,1,
AV,1,1.2,1,
AV,1,1.2,1,
AV,1,1.2,1,
AV,1,1.2,1,
AV,1,1.2,1,
AV,1,1.2,2,
AV,1,1.2,3,
AV,1,1.2,2,
AV,1,1.2,166,
AV,1,1.2,1,
AV,1,1.2,663,
AV,1,1.2,1,
AV,1,1.2,1,
AV,1,1.2,1,
AV,1,1.2,4,
AV,1,1.2,4,
AV,1,1.2,1,
AV,1,1.2,1,
AV,1,1.2,2,
